,Close,Return
2018-01-02,303.18247473891427,0.007784378388511204
2018-01-03,301.27220510746554,-0.006300725769501581
2018-01-04,302.7451953711279,0.004889233851284036
2018-01-05,304.42783554985226,0.005557941808660649
2018-01-08,297.7624865971362,-0.0218946764203648
2018-01-09,298.7699081715126,0.003383305888828847
2018-01-10,293.55322325585223,-0.01746054329094504
2018-01-11,298.8961195089714,0.018200775293352844
2018-01-12,296.5248002173672,-0.007933590089760356
2018-01-15,297.6304142464895,0.0037285718709256788
2018-01-16,301.66089862837634,0.013541910332285134
2018-01-17,298.16919245293104,-0.011574937923084394
2018-01-18,294.96033986237853,-0.010761851565396219
2018-01-19,292.9048832849427,-0.00696858627975161
2018-01-22,298.67264439992897,0.019691584006045204
2018-01-23,294.4231848620655,-0.01422781636530912
2018-01-24,293.8667462522578,-0.0018899279622573983
2018-01-25,293.69490907121514,-0.0005847452399230235
2018-01-26,293.2351457602935,-0.001565445285979239
2018-01-29,292.9477908541325,-0.0009799470162962232
2018-01-30,290.7153249736525,-0.007620695394120913
2018-01-31,287.4913795768963,-0.01108969882151345
2018-02-01,286.2870583091637,-0.004189069145325353
2018-02-02,279.50156368764084,-0.023701716248015425
2018-02-05,285.21068172047904,0.02042606831072491
2018-02-06,282.78949581578263,-0.008489113696903194
2018-02-07,281.16555983628245,-0.005742561175461902
2018-02-08,278.7176397691139,-0.008706329710487903
2018-02-09,279.71249233387033,0.003569392183360165
2018-02-12,275.9333079835794,-0.013510960196157384
2018-02-13,271.13616740002965,-0.017385145050467177
2018-02-14,272.4375301182634,0.00479966479836591
2018-02-15,272.36551054253374,-0.0002643526231440596
2018-02-16,269.6197350080646,-0.010081215969671597
2018-02-19,273.13163706921483,0.01302538948436105
2018-02-20,273.8129292337828,0.0024943729400170866
2018-02-21,274.73780220084353,0.003377754913359343
2018-02-22,272.0815811543003,-0.009668203739219838
2018-02-23,268.7824351224649,-0.01212557651950874
2018-02-26,268.1904840080633,-0.002202342999578333
2018-02-27,265.1373925557435,-0.011384040949894647
2018-02-28,264.69865921796696,-0.0016547395806657539
2018-03-01,266.4429933331182,0.006589886478098217
2018-03-02,268.97817616204253,0.009514916482546543
2018-03-05,268.65878195221273,-0.0011874354060508185
2018-03-06,268.26320739965837,-0.0014724050696571789
2018-03-07,268.5471188142969,0.0010583315445698016
2018-03-08,268.67590046716737,0.00047954956075901833
2018-03-09,265.3517562307942,-0.012372320072597587
2018-03-12,260.27137849280354,-0.019145822926349587
2018-03-13,262.97411930173064,0.010384318185804098
2018-03-14,261.7381471637909,-0.004699976336916989
2018-03-15,259.9066590532974,-0.0069974061111826025
2018-03-16,261.235610972375,0.0051131891884506064
2018-03-19,263.77413708608333,0.009717381578489226
2018-03-20,267.1099710677908,0.012646554429325274
2018-03-21,266.76095573659046,-0.0013066353524922025
2018-03-22,262.6054442631653,-0.015577660013815775
2018-03-23,266.1477592573536,0.013489114835861571
2018-03-26,263.2392116749933,-0.010928318879994126
2018-03-27,263.6265690285511,0.0014715032425944852
2018-03-28,262.06941537397506,-0.005906664340828982
2018-03-29,263.9788619418573,0.0072860336073838905
2018-03-30,272.8975316036557,0.033785544782607424
2018-04-02,278.18228343302616,0.019365333934371343
2018-04-03,279.81535838505164,0.005870521055014066
2018-04-04,279.02360375048465,-0.0028295610331633414
2018-04-05,280.9919233155569,0.0070543120317247965
2018-04-06,280.72574958479964,-0.000947264702901629
2018-04-09,280.49207310450265,-0.0008324013049839651
2018-04-10,285.3329678616841,0.017258579551294062
2018-04-11,284.27543584084776,-0.003706308558599436
2018-04-12,288.2257832849991,0.013896196948803397
2018-04-13,288.92267407107755,0.002417864141561976
2018-04-16,288.68757338859984,-0.0008137148918255788
2018-04-17,288.31034670323476,-0.0013066952655329533
2018-04-18,288.97906245612035,0.0023194302963185365
2018-04-19,289.5897455976884,0.0021132435560475837
2018-04-20,286.7336293235512,-0.009862629176466298
2018-04-23,288.78006222717426,0.007137052282464751
2018-04-24,293.7182002120718,0.01709999626294434
2018-04-25,296.9940752351044,0.011153122348793287
2018-04-26,297.57689531082804,0.001962396304580505
2018-04-27,301.25745228907476,0.012368423208402257
2018-04-30,298.83430183252113,-0.00804345398974049
2018-05-01,296.57163899828663,-0.007571630232404147
2018-05-02,293.5114961636611,-0.010318393373559331
2018-05-03,290.51240351338424,-0.010217973365528987
2018-05-04,287.8442142932193,-0.009184424444176997
2018-05-07,288.0156928407499,0.0005957338692794689
2018-05-08,287.6500475166516,-0.0012695326441829469
2018-05-09,286.37324708602955,-0.0044387283841771374
2018-05-10,288.4762432629749,0.00734354971473139
2018-05-11,287.8582018292128,-0.0021424344229228343
2018-05-14,291.39940601795064,0.012301904778932782
2018-05-15,296.77703213718087,0.01845448552115081
2018-05-16,295.1063464848396,-0.005629430418891079
2018-05-17,301.5804212297549,0.0219381074722087
2018-05-18,300.9147662549447,-0.0022072221137428016
2018-05-21,300.69589505627823,-0.0007273528028898246
2018-05-22,303.4408724237955,0.009128749053935348
2018-05-23,298.015387656835,-0.01787987466429075
2018-05-24,293.9278946463423,-0.013715711267900943
2018-05-25,293.56537338579636,-0.001233368003340063
2018-05-28,293.3645670720808,-0.000684025882888073
2018-05-29,287.6812610968715,-0.019372843939305384
2018-05-30,289.58886872302406,0.006630976306483349
2018-05-31,287.94442540529883,-0.005678544638047067
2018-06-01,288.9555904613234,0.0035116674149926475
2018-06-04,287.3219041282878,-0.005653762678297314
2018-06-05,291.4994538759761,0.014539614584424543
2018-06-06,288.8462542593537,-0.009101902529639827
2018-06-07,286.04197928964174,-0.009708538464182515
2018-06-08,279.9009235884791,-0.021469071485288205
2018-06-11,279.92200322251176,7.531105564928531e-05
2018-06-12,282.4248640288889,0.008941279276240444
2018-06-13,287.36489515731404,0.017491488029608426
2018-06-14,287.34153649356773,-8.128572466559181e-05
2018-06-15,289.00603806090015,0.0057927635093915075
2018-06-18,286.3114919531719,-0.009323494158832824
2018-06-19,288.61320011309175,0.00803917490079753
2018-06-20,290.99195160183564,0.008242005174440292
2018-06-21,291.86938941048584,0.003015333598816561
2018-06-22,288.5174516751308,-0.01148437574123562
2018-06-25,284.90981629530336,-0.012504045626638982
2018-06-26,287.5709930702009,0.00934041799437102
2018-06-27,281.8693255520451,-0.01982699109281849
2018-06-28,286.84760319571586,0.017661650958012975
2018-06-29,281.83987641034616,-0.01745779546204862
2018-07-02,284.1706690331359,0.008269917842981922
2018-07-03,277.6997417202903,-0.022771270993105275
2018-07-04,278.7450575379158,0.0037641944178627984
2018-07-05,282.4968597333256,0.013459618723103306
2018-07-06,285.6540877535999,0.01117615262433258
2018-07-09,291.69304068729,0.021140789481364664
2018-07-10,297.94494866366813,0.021433174962444346
2018-07-11,296.83430556457756,-0.0037276789019984324
2018-07-12,291.79071526069123,-0.016991264854961607
2018-07-13,290.99088724839663,-0.002741101654245681
2018-07-16,285.95241462712255,-0.01731488112537738
2018-07-17,287.25648990357917,0.004560462544640931
2018-07-18,283.51102770263554,-0.013038738314322562
2018-07-19,281.3848777358842,-0.007499355435942379
2018-07-20,277.94805736271894,-0.012213948385638274
2018-07-23,277.0912026024629,-0.0030827873682091056
2018-07-24,277.0807924505979,-3.7569405911042075e-05
2018-07-25,278.0341183802559,0.003440606334442764
2018-07-26,283.0532367049306,0.01805216695675549
2018-07-27,283.82400115709265,0.0027230370552713268
2018-07-30,284.4189073750237,0.002096039149281692
2018-07-31,285.4545209312049,0.003641155806901608
2018-08-01,291.75190015378996,0.022060884522136393
2018-08-02,297.9708362286703,0.021315837434485063
2018-08-03,297.38259086520685,-0.001974170931990149
2018-08-06,298.49496763740444,0.003740557807910827
2018-08-07,298.09312350313127,-0.001346234201044627
2018-08-08,298.93738218850444,0.002832197789239821
2018-08-09,299.4624370767287,0.0017564042488775744
2018-08-10,303.0515485637981,0.011985180919868776
2018-08-13,303.5209704027206,0.001548983468809606
2018-08-14,310.8986311579938,0.0243069226666095
2018-08-15,315.17193426782217,0.013745004582077947
2018-08-16,314.8211545430567,-0.0011129789382432476
2018-08-17,312.484273906073,-0.007422883129869606
2018-08-20,314.8075274558758,0.0074347855038015
2018-08-21,324.37647602767424,0.030396187312070166
2018-08-22,322.7426902942758,-0.005036696105111704
2018-08-23,325.08192355893226,0.0072479821697077895
2018-08-24,331.33894504122316,0.01924752202088098
2018-08-27,334.54662743775896,0.009680970029456448
2018-08-28,334.90426393799993,0.001069018399557864
2018-08-29,334.9466210148084,0.0001264751792360297
2018-08-30,333.49117999812137,-0.0043452924298127416
2018-08-31,327.5698714835134,-0.017755517596121484
2018-09-03,328.15764352879313,0.0017943409832468227
2018-09-04,326.2734710607549,-0.005741668692452406
2018-09-05,327.41646358854604,0.0035031733474226723
2018-09-06,328.63108044121697,0.0037096999929646657
2018-09-07,323.1835358628725,-0.016576474054221135
2018-09-10,321.1885009177095,-0.0061730710997897065
2018-09-11,323.67255673558435,0.007733950034877646
2018-09-12,326.46105107393925,0.008615170734517674
2018-09-13,321.83091029686767,-0.014182827512930207
2018-09-14,323.63092723901997,0.005593051768992385
2018-09-17,325.5656410534849,0.00597814872320912
2018-09-18,321.5964885783324,-0.012191558244011524
2018-09-19,321.8997388974149,0.0009429528301849732
2018-09-20,320.69363822262153,-0.0037468209167381694
2018-09-21,316.9810526584416,-0.011576735930142412
2018-09-24,314.5537903795342,-0.00765743648887085
2018-09-25,317.15118613589095,0.008257397735448757
2018-09-26,315.8493812764817,-0.004104682297645379
2018-09-27,310.4359263968575,-0.017139355656630273
2018-09-28,313.1449835840615,0.008726622651724858
2018-10-01,313.6346827714854,0.0015638097785222183
2018-10-02,308.7789012752145,-0.015482284846057182
2018-10-03,303.29196719825006,-0.017769783020485264
2018-10-04,302.2920997731594,-0.0032967158158760945
2018-10-05,300.4368079880785,-0.0061374140656441645
2018-10-08,299.23645289358495,-0.003995366288611302
2018-10-09,300.45271136426936,0.004064539794277566
2018-10-10,300.8056129575603,0.0011745661794446693
2018-10-11,296.46308026525674,-0.014436341960534671
2018-10-12,297.146623910662,0.00230566195559212
2018-10-15,298.8160021078694,0.005618028484514426
2018-10-16,303.9465496631811,0.017169587703203426
2018-10-17,303.31245637979185,-0.0020861999719750113
2018-10-18,307.9116008373012,0.01516305829441622
2018-10-19,305.33749503876976,-0.008359885731916816
2018-10-22,299.4143955229703,-0.019398533138052287
2018-10-23,301.94918211283357,0.008465814028199459
2018-10-24,298.2007437424357,-0.012414136525122799
2018-10-25,301.16060518935006,0.009925734623488669
2018-10-26,297.9220661847866,-0.010753528013822566
2018-10-29,300.0147233115021,0.007024176334147425
2018-10-30,302.1522957795855,0.007124891886935547
2018-10-31,303.00468510363305,0.002821058571963908
2018-11-01,301.6864738450876,-0.004350464937842746
2018-11-02,297.0460131387388,-0.01538173272140686
2018-11-05,298.44364810026667,0.004705112675170264
2018-11-06,296.8131075060392,-0.005463478966989621
2018-11-07,295.8708904935329,-0.0031744454293924917
2018-11-08,298.32644000519986,0.008299395413894572
2018-11-09,291.45639076120005,-0.023028630127051586
2018-11-12,289.91272905822194,-0.005296372808798355
2018-11-13,291.4956301499937,0.005459922704718068
2018-11-14,292.93895390036846,0.004951442152433261
2018-11-15,288.200181121157,-0.016176656317353877
2018-11-16,291.1608378289768,0.010272917582154983
2018-11-19,290.6171083280773,-0.001867454101842192
2018-11-20,297.56853223575064,0.023919527476083502
2018-11-21,300.19303697065305,0.008819832914399584
2018-11-22,303.4490166576323,0.010846286508962244
2018-11-23,305.69357349108117,0.00739681696178085
2018-11-26,299.67865149390417,-0.01967631157071903
2018-11-27,300.8460197411194,0.003895400094053647
2018-11-28,301.1604768295075,0.0010452426415967775
2018-11-29,294.7469883080225,-0.021295917010769716
2018-11-30,291.9907839847438,-0.009351085617873456
2018-12-03,290.5432140468996,-0.004957587763865345
2018-12-04,288.6606141192213,-0.006479586638614143
2018-12-05,285.75280219037353,-0.010073462698471203
2018-12-06,284.03165892954877,-0.006023189440774401
2018-12-07,279.98438151149037,-0.014249388372097993
2018-12-10,285.655617149449,0.020255542853292452
2018-12-11,283.0399710444869,-0.009156641591940518
2018-12-12,280.60918994020517,-0.008588119534182925
2018-12-13,279.4489602449543,-0.00413468174544851
2018-12-14,277.81097217858354,-0.0058614927925836335
2018-12-17,272.11141007476374,-0.0205159719183301
2018-12-18,271.17603226620906,-0.003437481024032296
2018-12-19,265.4680162553455,-0.021049116926602496
2018-12-20,265.0481945656279,-0.0015814398119952111
2018-12-21,263.2683270116023,-0.00671526005654377
2018-12-24,264.66347590315155,0.005299341958015846
2018-12-25,265.1769771127983,0.0019402042835507949
2018-12-26,268.8909540455079,0.014005653783170535
2018-12-27,266.70889853402304,-0.008115020154659258
2018-12-28,265.21247165674447,-0.005610712224090486
2018-12-31,271.1661230635218,0.022448610239125255
2019-01-01,277.9750788728688,0.025109905811324218
2019-01-02,278.905284372061,0.003346362929238067
2019-01-03,278.8439593312407,-0.0002198776583182127
2019-01-04,277.01128505650723,-0.006572400847874915
2019-01-07,274.1342373412809,-0.010386030715822558
2019-01-08,271.6155573488079,-0.00918776150290701
2019-01-09,269.23108232923227,-0.008778860249575082
2019-01-10,267.71133983766623,-0.005644751261325798
2019-01-11,266.454180310793,-0.004695951720369962
2019-01-14,265.46489356361104,-0.0037127837365059646
2019-01-15,267.2629704761941,0.006773313369031975
2019-01-16,265.02667333037607,-0.008367403616870273
2019-01-17,260.8785745617722,-0.015651627500274046
2019-01-18,262.13662127131397,0.004822345842908193
2019-01-21,261.4465568514125,-0.0026324609532036858
2019-01-22,262.5471953581839,0.004209803028298875
2019-01-23,259.19511595829795,-0.012767530787418324
2019-01-24,254.80203999570733,-0.01694891489891126
2019-01-25,251.94167012397972,-0.011225851534688691
2019-01-28,253.2785815797687,0.005306432457683918
2019-01-29,250.9209738303787,-0.009308358151269513
2019-01-30,249.84024400822318,-0.004307052557854685
2019-01-31,251.89439182617537,0.00822184522796321
2019-02-01,249.6354444306117,-0.008967835207393193
2019-02-04,248.0937054932856,-0.00617596167420309
2019-02-05,248.9668111823272,0.003519257722825353
2019-02-06,251.99230952020227,0.012152215484092732
2019-02-07,250.58383799370836,-0.00558934329851446
2019-02-08,251.126289610414,0.002164751011273447
2019-02-11,257.33417251854786,0.02472016337980576
2019-02-12,254.01104161743797,-0.012913679005730816
2019-02-13,254.20376797868482,0.0007587322189603896
2019-02-14,258.08740471198035,0.015277652114193518
2019-02-15,257.36066567206063,-0.0028158640315312233
2019-02-18,256.1624468549458,-0.004655796230499498
2019-02-19,254.12578218737406,-0.007950676192303163
2019-02-20,255.06337180788722,0.0036894706725265625
2019-02-21,258.8296778620516,0.01476615802366621
2019-02-22,259.798028353621,0.003741265296808516
2019-02-25,265.0891487711211,0.02036628395923823
2019-02-26,266.4652662970917,0.005191149967284314
2019-02-27,269.53922199768056,0.011536046492309326
2019-02-28,275.6340865960074,0.02261216216755013
2019-03-01,269.64381708758964,-0.021732687645405924
2019-03-04,265.9776866729439,-0.013596196843092656
2019-03-05,263.16815289124065,-0.01056304315165335
2019-03-06,260.1207856501634,-0.011579544134037612
2019-03-07,266.0934347771136,0.022961060616596862
2019-03-08,266.2349700425511,0.0005319006294013384
2019-03-11,269.4184736815552,0.011957496186527639
2019-03-12,270.1736696726168,0.002803059421805809
2019-03-13,270.383462741812,0.0007765118986222674
2019-03-14,263.24090731322656,-0.026416391580153187
2019-03-15,260.0678529569158,-0.012053804208079333
2019-03-18,257.2707581451681,-0.01075525013932066
2019-03-19,251.71765053867207,-0.021584682404374167
2019-03-20,258.9419514217924,0.028700017132928135
2019-03-21,257.5015079629393,-0.005562804524118059
2019-03-22,254.14837543845013,-0.013021797623692932
2019-03-25,255.4369706578732,0.00507024771336817
2019-03-26,255.64543363122053,0.0008161033730178513
2019-03-27,252.98898291696196,-0.010391152607445386
2019-03-28,251.674029463122,-0.005197670818225197
2019-03-29,254.9221454661215,0.012906043622889829
2019-04-01,256.71509016105756,0.007033303017506265
2019-04-02,257.11589044531655,0.0015612649961773695
2019-04-03,258.14955573494785,0.004020231063280644
2019-04-04,258.71007565850516,0.002171299198875376
2019-04-05,252.54333743568807,-0.023836482622954014
2019-04-08,255.35072940137067,0.011116476063826264
2019-04-09,253.7741224955059,-0.006174280016982392
2019-04-10,254.50695931105759,0.0028877523379660097
2019-04-11,253.50309598490668,-0.003944345289686124
2019-04-12,254.59623576096214,0.0043121358017677025
2019-04-15,250.0704213208684,-0.017776438942887496
2019-04-16,252.68232133799972,0.01044465796208649
2019-04-17,254.90563909432262,0.008798865486710827
2019-04-18,250.73015172112244,-0.016380521780670065
2019-04-19,251.90843257976474,0.00469939833942612
2019-04-22,250.84074684638145,-0.004238388220867528
2019-04-23,250.53425379092064,-0.0012218631116119871
2019-04-24,247.62251301952662,-0.011622126425171242
2019-04-25,247.55080256098753,-0.0002895958758540873
2019-04-26,244.685233459136,-0.011575680919659215
2019-04-29,244.1133327839375,-0.0023372913318612243
2019-04-30,244.45674823509376,0.001406786951125838
2019-05-01,245.42021801024018,0.003941268883360216
2019-05-02,244.73571579501086,-0.0027891027918520717
2019-05-03,241.82552253837312,-0.011891166956094379
2019-05-06,240.45624288099626,-0.005662262787665795
2019-05-07,239.6191128725828,-0.0034814234739073413
2019-05-08,233.95456032099636,-0.023639819393699857
2019-05-09,239.47599140703537,0.023600442233155716
2019-05-10,240.5245193901931,0.004378426317382056
2019-05-13,242.52799674737446,0.008329617962695934
2019-05-14,247.92086826956302,0.022236078285864602
2019-05-15,244.8570163652473,-0.012358184793804461
2019-05-16,247.24409215690542,0.009748855993970684
2019-05-17,252.22396077022114,0.020141507001734116
2019-05-20,256.95135287760127,0.018742835109495593
2019-05-21,255.88641330808366,-0.004144518242816475
2019-05-22,257.7301329680087,0.007205226866442649
2019-05-23,254.7300171488397,-0.01164053184088265
2019-05-24,252.79119816124418,-0.0076112701961726925
2019-05-27,250.6046410301065,-0.008649656898825131
2019-05-28,250.72072461151177,0.0004632140128295603
2019-05-29,251.43807270228243,0.0028611439755614754
2019-05-30,254.19683752645415,0.010971945475569456
2019-05-31,257.2375649646386,0.011962097828490892
2019-06-03,257.77939437336016,0.002106338585486478
2019-06-04,262.32132337072824,0.017619441648581313
2019-06-05,261.14133093734824,-0.004498271121148423
2019-06-06,260.788604479638,-0.001350710959633017
2019-06-07,256.3262868408075,-0.017110861296007918
2019-06-10,255.61976443349218,-0.002756340038406191
2019-06-11,260.36310707354687,0.018556243687051888
2019-06-12,257.9417622507087,-0.009299876814552799
2019-06-13,259.0069601266829,0.004129606104415373
2019-06-14,261.16411954921136,0.00832857704469947
2019-06-17,259.6659203875053,-0.005736619426481959
2019-06-18,258.5637324098689,-0.004244638557079683
2019-06-19,256.0750339679351,-0.009625087086802986
2019-06-20,257.5663096119829,0.005823588582378303
2019-06-21,259.4613957230875,0.00735766301873686
2019-06-24,262.7520989872991,0.012682824182922658
2019-06-25,261.5483916154192,-0.004581152259179988
2019-06-26,260.10729918006166,-0.005509850113995407
2019-06-27,256.75724946046137,-0.0128794913874416
2019-06-28,259.60892044517584,0.011106486732923138
2019-07-01,263.187549362924,0.013784691649314507
2019-07-02,263.10547928004144,-0.00031183117545352523
2019-07-03,265.8568712663143,0.01045737243405842
2019-07-04,267.82541874679714,0.007404538656858417
2019-07-05,270.83591759596163,0.011240526994230615
2019-07-08,273.1502773606168,0.00854524682397484
2019-07-09,269.9144483747954,-0.011846332418507521
2019-07-10,267.2917468164601,-0.009716788316176173
2019-07-11,270.55352827430755,0.012203075840150124
2019-07-12,269.79326465177587,-0.002810030338103231
2019-07-15,266.05385359094447,-0.01386028322707722
2019-07-16,264.51166026017194,-0.00579654573672761
2019-07-17,270.54688855415725,0.022816492430046686
2019-07-18,268.19509729756334,-0.008692730746829969
2019-07-19,267.79333022233726,-0.001498040341805007
2019-07-22,267.68620542824146,-0.00040002786479731434
2019-07-23,270.55111994259624,0.010702510836415824
2019-07-24,270.4637332010656,-0.00032299530509860563
2019-07-25,266.9800626849146,-0.012880360981933237
2019-07-26,268.3121051900465,0.004989295798854876
2019-07-29,270.15135327773123,0.006854882996732314
2019-07-30,267.2389887890265,-0.010780491947825377
2019-07-31,265.1481839877628,-0.007823726660312613
2019-08-01,261.9105868709117,-0.01221051967303144
2019-08-02,261.17127534420354,-0.002822763048797805
2019-08-05,256.35319498463673,-0.018447971941849106
2019-08-06,256.33435753132125,-7.348242067595212e-05
2019-08-07,256.95110307671916,0.002406019822460026
2019-08-08,262.5772185640861,0.021895665829023914
2019-08-09,263.4680736579776,0.003392735663677149
2019-08-12,263.52073999648616,0.00019989647237839137
2019-08-13,262.616341996854,-0.0034319803429674334
2019-08-14,263.5406063017336,0.003519447030035483
2019-08-15,262.910256312268,-0.0023918514809208036
2019-08-16,267.1769467578557,0.016228695317690445
2019-08-19,272.0754018869964,0.01833412346604968
2019-08-20,273.6861506259706,0.005920229200444771
2019-08-21,272.73900980359554,-0.003460682318812136
2019-08-22,280.68350725571133,0.02912857041549266
2019-08-23,282.9645824728793,0.008126858750877153
2019-08-26,278.5025546834055,-0.015768856124958486
2019-08-27,275.1448627039372,-0.012056234038087199
2019-08-28,280.30598293337914,0.018757828798698917
2019-08-29,283.7828173133841,0.012403710914837385
2019-08-30,279.5433579056883,-0.014939098314096011
2019-09-02,279.15715037096857,-0.0013815657707383355
2019-09-03,276.9798610245986,-0.0077995112913159526
2019-09-04,278.63343155172436,0.005970002732360591
2019-09-05,277.374489443098,-0.004518273710427456
2019-09-06,275.08127869635894,-0.008267561848760097
2019-09-09,283.4955458808509,0.03058829457376433
2019-09-10,289.1206449302088,0.01984193096184317
2019-09-11,282.09551609157404,-0.024298260818872208
2019-09-12,283.30245437935156,0.0042784738463752525
2019-09-13,283.98627180299815,0.0024137363198799555
2019-09-16,286.2794039531218,0.008074799304786051
2019-09-17,287.2537207823755,0.0034033773153072655
2019-09-18,287.6028656128126,0.001215457991235569
2019-09-19,289.53157529665464,0.006706156003461361
2019-09-20,285.58770807737943,-0.013621544438579103
2019-09-23,280.7872269747428,-0.016809130669363292
2019-09-24,273.1485878417568,-0.027204368287283565
2019-09-25,268.21513032701813,-0.018061442505413083
2019-09-26,263.9561303508745,-0.015879044448204316
2019-09-27,261.491373892465,-0.009337750387282684
2019-09-30,264.44679257583243,0.011302165113036722
2019-10-01,263.1955251302214,-0.004731641603299863
2019-10-02,261.7731104483664,-0.0054044029857697184
2019-10-03,261.5189768123256,-0.0009708164280339826
2019-10-04,263.0501815174527,0.005855042428626334
2019-10-07,269.88501652078463,0.025983008123788176
2019-10-08,273.1880710260358,0.012238747255525428
2019-10-09,276.740879249864,0.013004990336820343
2019-10-10,270.9781025511782,-0.020823727648428436
2019-10-11,270.8886305201539,-0.00033018177550858674
2019-10-14,270.25825477879727,-0.0023270660719360015
2019-10-15,272.433860236201,0.008050098078167478
2019-10-16,276.69242718457235,0.015631562628372064
2019-10-17,273.8958011266399,-0.010107345858319738
2019-10-18,270.8989384851079,-0.01094161585977127
2019-10-21,265.41683218396105,-0.02023672123561404
2019-10-22,262.52311386910026,-0.010902542581983421
2019-10-23,264.0197053153143,0.005700798775990057
2019-10-24,263.6873086613843,-0.0012589842623035308
2019-10-25,264.68081079125545,0.0037677282798125322
2019-10-28,262.81786881030706,-0.007038447461979569
2019-10-29,264.63579714570074,0.006917065204214756
2019-10-30,264.5019089966273,-0.000505933628471622
2019-10-31,265.98767374353895,0.005617217480765158
2019-11-01,270.6956817304536,0.017700098356640437
2019-11-04,270.8603300195531,0.0006082412842605134
2019-11-05,268.0814594108325,-0.01025942266451485
2019-11-06,266.81045900580904,-0.004741097753708012
2019-11-07,270.7576204366853,0.014793878191972532
2019-11-08,272.02312234362256,0.004673929047301684
2019-11-11,273.52263855027667,0.005512458623866179
2019-11-12,274.6957171448745,0.004288780631889866
2019-11-13,274.6421273321318,-0.00019508790781197494
2019-11-14,277.03784631821026,0.008723057199383266
2019-11-15,281.4981646116453,0.01610003236998825
2019-11-18,278.1781251433119,-0.011794178029237656
2019-11-19,279.8121092172729,0.00587387693809216
2019-11-20,279.5053476046037,-0.0010963128562496705
2019-11-21,277.22109719465413,-0.008172474800664298
2019-11-22,276.09260316593276,-0.004070736463210101
2019-11-25,279.48116790777885,0.01227329056624371
2019-11-26,281.9509242359401,0.00883693290195553
2019-11-27,285.8683425186517,0.01389397212769361
2019-11-28,287.77514906413023,0.0066702263310396415
2019-11-29,288.98554541231476,0.004206048896580716
2019-12-02,293.56429563686174,0.015844218844974334
2019-12-03,292.8213385511658,-0.0025308155546782674
2019-12-04,294.5887984342137,0.006035966817831584
2019-12-05,297.3465376575307,0.00936131732766099
2019-12-06,291.3167554188807,-0.02027863611983538
2019-12-09,292.4827453203632,0.0040024814220038785
2019-12-10,288.12524023418615,-0.014898332144018256
2019-12-11,287.31441315999473,-0.0028141480195639224
2019-12-12,283.3204328016171,-0.013901079011144346
2019-12-13,284.53749560965804,0.004295711382359624
2019-12-16,292.8161440311879,0.029095105387751508
2019-12-17,288.49830694175637,-0.0147458983305635
2019-12-18,292.9571321393059,0.015455290690664869
2019-12-19,289.60115757777606,-0.011455514112330922
2019-12-20,287.98254857478935,-0.0055890971449311655
2019-12-23,287.21834684611383,-0.0026536390224252138
2019-12-24,285.84650866106796,-0.004776290233927449
2019-12-25,285.3557371946001,-0.0017169055825332347
2019-12-26,284.0158486134708,-0.004695502513116123
2019-12-27,286.0761525230647,0.007254186411258523
2019-12-30,289.0713332479463,0.010469872089880372
2019-12-31,288.144705817172,-0.0032055320752940597
2020-01-01,285.3261563726415,-0.009781715185559814
2020-01-02,284.486741985659,-0.002941946850067878
2020-01-03,284.56382052347465,0.00027093894526553086
2020-01-06,285.54933344444584,0.003463240404764978
2020-01-07,278.051815721892,-0.026256470754509653
2020-01-08,274.97167952497693,-0.011077561888665488
2020-01-09,277.6313623573058,0.009672570051299845
2020-01-10,278.16671139786575,0.0019282729300262869
2020-01-13,276.1915539385408,-0.007100624835370328
2020-01-14,281.03031689372744,0.017519590610882263
2020-01-15,282.7626932082467,0.006164375195058858
2020-01-16,282.7674941365038,1.6978648076371172e-05
2020-01-17,284.1411372944292,0.0048578538425010365
2020-01-20,282.7299837670797,-0.004966382343600029
2020-01-21,281.0568678103532,-0.0059177167360674465
2020-01-22,283.65395946415055,0.009240449002476447
2020-01-23,285.1611339552624,0.005313426591890602
2020-01-24,282.36799125123656,-0.009794962817282316
2020-01-27,282.2109085890805,-0.0005563047761186768
2020-01-28,280.2249922431881,-0.00703699355854448
2020-01-29,285.59161558390474,0.019151123166270878
2020-01-30,286.5040966703597,0.0031950555851905094
2020-01-31,281.64650118087116,-0.016954715642609086
2020-02-03,283.6215209758639,0.007012406639926416
2020-02-04,284.64422402221805,0.003605872512196129
2020-02-05,285.7267809219913,0.0038031929279152
2020-02-06,283.20530256613966,-0.008824788309010567
2020-02-07,285.19707057309853,0.00703294743746441
2020-02-10,283.9730279945708,-0.004291918483131707
2020-02-11,280.784615760622,-0.011227869972248894
2020-02-12,278.80395027214905,-0.007054038495333814
2020-02-13,278.852062739413,0.0001725673801140637
2020-02-14,273.87371917147334,-0.0178529917226824
2020-02-17,275.5921060662924,0.006274376745667887
2020-02-18,273.39420232735614,-0.007975205713648292
2020-02-19,276.75101383774984,0.012278283452310745
2020-02-20,275.2944928637,-0.005262929135658956
2020-02-21,272.3101320181689,-0.010840612227607127
2020-02-24,270.36053378753616,-0.007159477380381252
2020-02-25,273.6698093483833,0.012240231643601218
2020-02-26,268.21235417296725,-0.01994175093120587
2020-02-27,268.5925168468796,0.0014173943444351078
2020-02-28,267.4422899054645,-0.004282423631596699
2020-03-02,267.4294814475761,-4.78924178107798e-05
2020-03-03,267.2561765930736,-0.0006480394516134025
2020-03-04,266.1832183763294,-0.004014718127086869
2020-03-05,276.4303424902581,0.03849650694147555
2020-03-06,279.43123038316514,0.010855855641146883
2020-03-09,279.9973001106341,0.0020257926313131946
2020-03-10,277.38752518563007,-0.009320714606793956
2020-03-11,272.2437623500707,-0.018543598282284357
2020-03-12,276.40755140555035,0.015294341437015246
2020-03-13,279.93874168804865,0.012775303223598433
2020-03-16,276.8278884987204,-0.011112621177653326
2020-03-17,283.748476825114,0.024999606665083274
2020-03-18,280.56228695869254,-0.0112289232424152
2020-03-19,277.47938468700414,-0.010988298908977345
2020-03-20,276.18217795220056,-0.004674966164664229
2020-03-23,274.0733041769513,-0.007635806882565266
2020-03-24,271.41591483810595,-0.009695907256730307
2020-03-25,276.08471322784777,0.01720163827727883
2020-03-26,272.39778981814834,-0.013354319283359506
2020-03-27,276.4484490275735,0.014870382069286814
2020-03-30,276.1961470884574,-0.000912654565448201
2020-03-31,277.79961803866416,0.0058055514789394635
2020-04-01,273.4419798294369,-0.01568626422164765
2020-04-02,275.12180771426415,0.006143269902723292
2020-04-03,273.029660889749,-0.007604438346407005
2020-04-06,277.8956256437017,0.017822110382057055
2020-04-07,286.60726718465264,0.03134860982705945
2020-04-08,283.672089769728,-0.01024111301767372
2020-04-09,284.65346819822173,0.0034595522925444655
2020-04-10,286.030861728656,0.004838843310614793
2020-04-13,292.03328942895604,0.020985244962811844
2020-04-14,290.6505699228421,-0.0047348009838799054
2020-04-15,295.0145217797428,0.015014427317514345
2020-04-16,295.8249278620277,0.0027470040369401705
2020-04-17,293.11767406570306,-0.009151540459725327
2020-04-20,293.8383742801039,0.002458740219940747
2020-04-21,293.6878860178794,-0.0005121463886164079
2020-04-22,299.74370411211646,0.020619911077532027
2020-04-23,295.31232388222367,-0.01478389760685439
2020-04-24,298.5942675595047,0.011113466699039565
2020-04-27,300.85832736598303,0.007582395418984866
2020-04-28,296.4278715341462,-0.014726053523681726
2020-04-29,301.3256036960354,0.01652250895484708
2020-04-30,305.843296065904,0.014992726520597577
2020-05-01,302.24356063694506,-0.011769868672168782
2020-05-04,308.4681139208236,0.020594494290501864
2020-05-05,308.2869888969136,-0.0005871758400172178
2020-05-06,306.6438895149373,-0.005329772066785865
2020-05-07,305.8235688449283,-0.002675157399375072
2020-05-08,296.75794668313773,-0.029643307728147605
2020-05-11,295.3995527495124,-0.004577447542039259
2020-05-12,294.9378698762608,-0.0015629098587129908
2020-05-13,294.6277155968412,-0.0010515919151029562
2020-05-14,297.11666433802077,0.008447775309045724
2020-05-15,294.8591279847941,-0.007598147879912753
2020-05-18,292.48474381604507,-0.008052605272818592
2020-05-19,295.469385909902,0.010204436836316111
2020-05-20,296.74589471575626,0.0043202743388228715
2020-05-21,301.3811933876116,0.01562043065935348
2020-05-22,302.27353949470063,0.002960855311039179
2020-05-25,299.3119431361279,-0.009797736062255091
2020-05-26,297.3595180163297,-0.006523044484430307
2020-05-27,302.41064518464106,0.016986599931312796
2020-05-28,310.37183880605244,0.026325771754994065
2020-05-29,313.50227223125034,0.010086074294756164
2020-06-01,311.83308968951695,-0.005324307635327541
2020-06-02,311.29943763616757,-0.0017113387610042663
2020-06-03,312.8219090365023,0.00489069756082916
2020-06-04,313.6004820621831,0.0024888698751275307
2020-06-05,311.09748159649644,-0.007981494317953142
2020-06-08,304.3884630491294,-0.02156564724644361
2020-06-09,307.26187920725516,0.00943996408189074
2020-06-10,308.93300614208135,0.005438770794274017
2020-06-11,309.8257467830375,0.0028897548115838223
2020-06-12,304.50855663012175,-0.01716187311133721
2020-06-15,309.46057092082805,0.016262315730987353
2020-06-16,303.4777269492968,-0.019333138156272134
2020-06-17,304.0121550085145,0.0017610124623972379
2020-06-18,306.1632657223155,0.007075739171483741
2020-06-19,306.12438617301217,-0.00012698959560542011
2020-06-22,305.09977458444587,-0.0033470433420068613
2020-06-23,303.55811876369177,-0.005052956275873655
2020-06-24,306.4231355101501,0.009438116029071297
2020-06-25,301.5504509291546,-0.015901816854928974
2020-06-26,310.22881147843935,0.02877913305234503
2020-06-29,310.66253203935287,0.0013980666684263454
2020-06-30,311.6983037775978,0.003334073573165064
2020-07-01,311.0919511996685,-0.0019453188245835973
2020-07-02,313.597268118645,0.008053300348386472
2020-07-03,311.13108194522334,-0.00786418258110777
2020-07-06,306.66971984422383,-0.014339172007845069
2020-07-07,302.6725076883939,-0.013034257695413665
2020-07-08,302.8809141680196,0.0006885543758743395
2020-07-09,298.22463379206846,-0.01537330402195014
2020-07-10,300.4139311561797,0.007341101693288277
2020-07-13,299.99787134033454,-0.0013849551325528786
2020-07-14,299.96292780823734,-0.00011647926680635745
2020-07-15,291.7347386946339,-0.027430686764277845
2020-07-16,297.634963702316,0.02022462266263747
2020-07-17,298.60901561047905,0.0032726393970881063
2020-07-20,297.9566588427446,-0.0021846519483035287
2020-07-21,297.7249094881302,-0.0007777955207126652
2020-07-22,299.0834831251515,0.004563184314530622
2020-07-23,299.5695674134523,0.0016252461795005502
2020-07-24,296.4721423189138,-0.01033958529660517
2020-07-27,294.78538703584474,-0.0056894225200243564
2020-07-28,296.4775153199584,0.005740204089247802
2020-07-29,295.1480210623696,-0.004484300457503587
2020-07-30,295.8253054116014,0.00229472773286421
2020-07-31,299.4805490541638,0.012356088460642844
2020-08-03,296.60144166540226,-0.00961367073038466
2020-08-04,302.1830004340577,0.01881838044115791
2020-08-05,303.0279378614266,0.002796111714276517
2020-08-06,294.9634123035959,-0.026613142057939965
2020-08-07,293.77724049598595,-0.004021420142743093
2020-08-10,287.7988504842828,-0.020350078861145926
2020-08-11,287.3003708535381,-0.001732041771209003
2020-08-12,286.27233215848605,-0.0035782713819610956
2020-08-13,285.3121842750612,-0.0033539667497216596
2020-08-14,287.30255612579015,0.006976119354265231
2020-08-17,288.9502408108838,0.005735015752426076
2020-08-18,293.72357136780624,0.01651955902001312
2020-08-19,296.27792679466904,0.008696460467805478
2020-08-20,303.5532197590601,0.024555636132262748
2020-08-21,309.0194025909409,0.018007329443645803
2020-08-24,304.75319861321356,-0.013805618488540894
2020-08-25,303.7397615931186,-0.003325435220062123
2020-08-26,308.2301812120748,0.014783772777735349
2020-08-27,309.1317805866683,0.002925084659289645
2020-08-28,312.4565908268698,0.010755316822785632
2020-08-31,313.4535905849187,0.003190842463621779
2020-09-01,315.9991098200342,0.008120880766959715
2020-09-02,318.388265154296,0.007560639444909922
2020-09-03,314.88881358845157,-0.010991144928499619
2020-09-04,313.9628711271462,-0.002940537806832233
2020-09-07,315.0850974978741,0.003574391986858272
2020-09-08,310.8350026450841,-0.013488720623540895
2020-09-09,306.7690631774533,-0.013080700156131941
2020-09-10,304.8444702606424,-0.006273751651735382
2020-09-11,300.5155293062198,-0.01420049033765114
2020-09-14,297.466329955088,-0.010146561670777099
2020-09-15,294.86303552319714,-0.008751559990953894
2020-09-16,293.2679469110121,-0.005409591640928468
2020-09-17,292.3312044184978,-0.003194152318318322
2020-09-18,293.56687229300354,0.004226944834588187
2020-09-21,292.7913230001875,-0.0026418147482321075
2020-09-22,298.01938112052204,0.017855918907580426
2020-09-23,299.76150193430084,0.005845662813031227
2020-09-24,303.17807132973843,0.011397625690394486
2020-09-25,305.2817125067097,0.006938632361320529
2020-09-28,300.327419113888,-0.016228595391912903
2020-09-29,298.79131264096145,-0.005114772661979461
2020-09-30,297.8817716303676,-0.003044067789503613
2020-10-01,299.026978817735,0.0038445024047610854
2020-10-02,300.7147055790802,0.0056440618435766865
2020-10-05,304.04871291112426,0.011086944769208573
2020-10-06,302.34376741031645,-0.005607474817057256
2020-10-07,302.4656774984263,0.00040321680567156903
2020-10-08,298.71216304179114,-0.012409720295138982
2020-10-09,303.8107515508549,0.017068566800711116
2020-10-12,300.8157739622765,-0.009858036864363706
2020-10-13,297.4833113836444,-0.011078084552341494
2020-10-14,304.98938928904886,0.02523192938283647
2020-10-15,307.8463177596553,0.009367304473333116
2020-10-16,305.6498078509488,-0.007135085859371504
2020-10-19,309.10874001572023,0.011316650872747136
2020-10-20,309.6774221988649,0.0018397479900302827
2020-10-21,309.3496082182645,-0.001058565969300429
2020-10-22,303.96242871645137,-0.01741453474869814
2020-10-23,301.53643020533144,-0.007981244660283271
2020-10-26,302.6549215685235,0.003709307570002096
2020-10-27,298.81154312044697,-0.012698879727968793
2020-10-28,301.11602083022535,0.007712144202038029
2020-10-29,302.18678258688016,0.0035559773727831256
2020-10-30,305.5321827149356,0.01107063684062215
2020-11-02,305.13456358912225,-0.0013013985049957766
2020-11-03,305.96303511832286,0.0027151022141043146
2020-11-04,303.77368210616027,-0.007155612805696987
2020-11-05,302.8192764476905,-0.0031418312865437725
2020-11-06,306.471471835607,0.012060643664299153
2020-11-09,310.9576219937219,0.014638067717184677
2020-11-10,312.1621493284563,0.0038736060785760085
2020-11-11,306.98959062270956,-0.016570102162847933
2020-11-12,306.8068939527797,-0.0005951233380886434
2020-11-13,307.2254871906468,0.001364354081077046
2020-11-16,309.8827941513627,0.008649370158104519
2020-11-17,308.3916236858981,-0.004812046662830416
2020-11-18,301.3916135257644,-0.02269844451827041
2020-11-19,302.43760605542695,0.003470542917323627
2020-11-20,295.15459273763736,-0.02408104406320044
2020-11-23,293.3265460212058,-0.006193522856872913
2020-11-24,293.56942292244156,0.0008280085949610161
2020-11-25,295.66382121285346,0.007134252162784849
2020-11-26,289.46913583684164,-0.020951786899730873
2020-11-27,289.1038946414148,-0.0012617621369924725
2020-11-30,291.6776946754856,0.008902681983109062
2020-12-01,294.2757952681666,0.008907436667625834
2020-12-02,292.08837804400895,-0.007433221689756353
2020-12-03,294.1163719235035,0.0069430830938059795
2020-12-04,289.6014194836485,-0.015350904848742242
2020-12-07,292.8267133491072,0.011137009864141234
2020-12-08,297.74965353458674,0.016811786497123338
2020-12-09,299.0628343652542,0.004410352170283627
2020-12-10,299.72828106279366,0.0022251066367100503
2020-12-11,306.4315861218848,0.02236460648732308
2020-12-14,313.7770137132866,0.023970856543751085
2020-12-15,317.34578971258736,0.011373605596749492
2020-12-16,318.90052821831614,0.00489919373796277
2020-12-17,319.74356828097444,0.002643583149166684
2020-12-18,321.1342076472138,0.004349233273763131
2020-12-21,328.46562363565596,0.022829757197639244
2020-12-22,333.20966901271737,0.014443049852679968
2020-12-23,334.81931378311356,0.004830726476712011
2020-12-24,337.45070885104036,0.00785914957591527
2020-12-25,342.96928687167093,0.01635373071053947
2020-12-28,341.57007674027454,-0.00407969513585027
2020-12-29,341.960941320359,0.0011443173940017815
2020-12-30,339.75135598232856,-0.00646151379013904
2020-12-31,339.74159265139906,-2.8736694519637673e-05
2021-01-01,343.9852256745275,0.012490766850212331
2021-01-04,346.3211800626719,0.006790856739744555
2021-01-05,345.6549822757169,-0.0019236414787984213
2021-01-06,342.88508741068665,-0.008013467205922775
2021-01-07,338.21269436769387,-0.013626702398394142
2021-01-08,341.2202312806922,0.008892442427748115
2021-01-11,343.02847542579985,0.005299346226690149
2021-01-12,338.9525428945781,-0.011882198777120045
2021-01-13,340.83023114761426,0.005539678909032952
2021-01-14,343.6717809829379,0.008337141414233695
2021-01-15,344.94090337139335,0.003692832692942183
2021-01-18,345.01558969423263,0.0002165191837479874
2021-01-19,345.81250037421864,0.0023097816556412187
2021-01-20,349.97985755667423,0.012050915388963412
2021-01-21,351.19126814692294,0.0034613723164125254
2021-01-22,355.19920653985093,0.01141240901026963
2021-01-25,360.00719041660085,0.013536020881314892
2021-01-26,353.57570191000536,-0.017864889029446718
2021-01-27,355.65802046345317,0.005889314628237052
2021-01-28,360.8015475318946,0.014462002183274203
2021-01-29,359.0545070072916,-0.004842109288482388
2021-02-01,360.65283796055536,0.004451499485651489
2021-02-02,354.16082627094534,-0.01800072259606078
2021-02-03,353.3894490080776,-0.002178042306343664
2021-02-04,349.6048367262967,-0.010709465979824362
2021-02-05,357.5000678406149,0.022583300586597188
2021-02-08,365.5498504998755,0.02251687029846794
2021-02-09,365.12445688329666,-0.0011637089059046701
2021-02-10,368.0423572156939,0.007991522554540609
2021-02-11,365.27879672086885,-0.007508810985050518
2021-02-12,370.76679514808194,0.015024136293918966
2021-02-15,372.07611296645854,0.003531378309790778
2021-02-16,373.27053418444785,0.003210152913248221
2021-02-17,372.69452695361514,-0.0015431360851754228
2021-02-18,376.8590004431352,0.011173959337584582
2021-02-19,376.2539670490811,-0.0016054635642047677
2021-02-22,382.99157997372015,0.0179070880700114
2021-02-23,378.21993663380204,-0.012458872699617873
2021-02-24,378.5110025431989,0.0007695678656904903
2021-02-25,380.2967581967399,0.004717843448519554
2021-02-26,379.86318199228583,-0.00114009965930284
2021-03-01,381.96267938241624,0.005526983107757566
2021-03-02,380.5543599020708,-0.0036870604285803577
2021-03-03,380.2905955495409,-0.0006931055857506419
2021-03-04,375.1143813262793,-0.01361120754454026
2021-03-05,378.02970840772434,0.007771835009730665
2021-03-08,374.5735111084919,-0.009142660543241643
2021-03-09,375.75837728521697,0.003163240703323078
2021-03-10,372.80216372515935,-0.00786732575708815
2021-03-11,376.49809535367433,0.009913922149979104
2021-03-12,375.385357337363,-0.0029554944103130643
2021-03-15,368.71722671435316,-0.017763427615577254
2021-03-16,368.5149794383673,-0.0005485159394046368
2021-03-17,364.6389353580097,-0.010518009569827624
2021-03-18,362.0539078853554,-0.007089279893043421
2021-03-19,362.8381789542157,0.002166172085922291
2021-03-22,365.97075259673795,0.008633528179286643
2021-03-23,370.8473628458875,0.013325136543146376
2021-03-24,367.5496725840809,-0.008892311479580473
2021-03-25,359.4709747688461,-0.021979880320493916
2021-03-26,357.5136360518345,-0.005445053577052272
2021-03-29,361.8274269151397,0.01206608763498962
2021-03-30,361.1947761458111,-0.0017484876000762872
2021-03-31,358.90420384391234,-0.006341654013772513
2021-04-01,358.2635906819566,-0.0017849140664686347
2021-04-02,355.4422495742069,-0.007875042792875542
2021-04-05,358.24050339110534,0.00787259764490722
2021-04-06,361.69834208103634,0.009652282913850119
2021-04-07,357.9871928112611,-0.010260343601309119
2021-04-08,358.2722437342904,0.0007962601141979775
2021-04-09,357.4017127134556,-0.002429803134513575
2021-04-12,353.27909562301005,-0.011534967359685844
2021-04-13,355.69794623927515,0.006846854643350664
2021-04-14,351.2150855158035,-0.012602998614043459
2021-04-15,349.06164499572725,-0.00613140098157694
2021-04-16,350.664778623073,0.00459269487303704
2021-04-19,346.31093849019885,-0.01241596076449425
2021-04-20,347.6717334931745,0.0039294023137363965
2021-04-21,340.84949796020544,-0.019622635019602375
2021-04-22,336.1796610963121,-0.013700583077985273
2021-04-23,338.6836864149661,0.007448473564665159
2021-04-26,337.5278836515717,-0.0034126319328479093
2021-04-27,343.4871129202339,0.01765551694334655
2021-04-28,340.72236399060046,-0.008049061596891782
2021-04-29,338.86933584199943,-0.005438528093366202
2021-04-30,332.6322855953543,-0.018405472513904897
2021-05-03,330.9415796062768,-0.005082807840049108
2021-05-04,326.9222526076859,-0.012145125442903582
2021-05-05,334.5009060637332,0.023181821964079807
2021-05-06,334.95012500929846,0.0013429528513135836
2021-05-07,336.80538274530954,0.0055389074297540475
2021-05-10,335.80973642672905,-0.0029561472873887995
2021-05-11,335.44320585780366,-0.0010914828522411435
2021-05-12,332.4583260674811,-0.008898316430912767
2021-05-13,332.7168189799828,0.0007775197437804859
2021-05-14,323.38167270877534,-0.028057332057412787
2021-05-17,324.33750019230445,0.0029557255843311037
2021-05-18,321.0689818720971,-0.010077522081996082
2021-05-19,322.37286831816465,0.004061078832545029
2021-05-20,319.57728802821345,-0.008671884530903284
2021-05-21,321.211638849777,0.005114101917715885
2021-05-24,320.3039404921138,-0.002825857621204464
2021-05-25,320.39308796813117,0.00027832150887818763
2021-05-26,318.3500135463678,-0.006376774339047486
2021-05-27,316.4872516423216,-0.005851301475678694
2021-05-28,313.8587992698292,-0.00830508135431296
2021-05-31,305.0953128061183,-0.027921748519074696
2021-06-01,296.7886738407297,-0.027226373584661623
2021-06-02,299.55918719523993,0.009334969959119865
2021-06-03,302.0931899487715,0.008459105451771753
2021-06-04,304.59832985008353,0.008292606336928188
2021-06-07,302.19767498730835,-0.007881378942414807
2021-06-08,300.3546627313002,-0.006098697668953101
2021-06-09,306.5556014858913,0.02064538868217447
2021-06-10,301.27251208779404,-0.017233706944155824
2021-06-11,304.2353928947723,0.0098345540601954
2021-06-14,303.46147465658254,-0.0025438139554573302
2021-06-15,310.80231290498665,0.024190346589172407
2021-06-16,307.65098767090365,-0.010139323625453112
2021-06-17,313.0707277020498,0.017616520825032067
2021-06-18,313.38532129290047,0.0010048642783047068
2021-06-21,316.4691161833391,0.009840265899232703
2021-06-22,317.03259908610465,0.0017805304655356124
2021-06-23,314.9007363677335,-0.006724427470602645
2021-06-24,315.43009918063115,0.0016810466021885961
2021-06-25,313.0466648359686,-0.007556141125573568
2021-06-28,315.3769668593746,0.007443944578125583
2021-06-29,317.8535438398073,0.007852751597858365
2021-06-30,316.28045129536395,-0.004949111233556569
2021-07-01,318.3342609950854,0.006493634656551839
2021-07-02,320.9405440789839,0.008187252844703341
2021-07-05,320.7983175966326,-0.0004431552353706403
2021-07-06,319.1610426352366,-0.005103751708120607
2021-07-07,318.5142175284374,-0.002026641790171091
2021-07-08,320.3388960758676,0.005728719306751895
2021-07-09,324.7545523561301,0.013784327580428135
2021-07-12,324.919843528637,0.0005089726111848769
2021-07-13,327.7471836847027,0.00870165430760017
2021-07-14,330.5983476925303,0.008699278437035884
2021-07-15,335.7481956350365,0.015577355357189404
2021-07-16,334.1591936122584,-0.0047327194708304265
2021-07-19,335.3481544078163,0.0035580669880881377
2021-07-20,338.0453804010252,0.008043061987240918
2021-07-21,335.0192416015652,-0.008951871479119355
2021-07-22,330.63697841142863,-0.013080631336836346
2021-07-23,333.14044505857555,0.007571647488357147
2021-07-26,330.84739214506465,-0.006883141772557
2021-07-27,329.33492750347364,-0.0045714872702634635
2021-07-28,333.79583765769553,0.013545208180735235
2021-07-29,336.9082035326009,0.009324160231431788
2021-07-30,344.8948844396067,0.023705807170210313
2021-08-02,343.44519723079804,-0.0042032725743791355
2021-08-03,342.2341840453349,-0.0035260740147992076
2021-08-04,349.1139625458379,0.02010254621318497
2021-08-05,351.26382392606394,0.006158050410097093
2021-08-06,348.15755492375115,-0.008843122435991613
2021-08-09,349.7311474473679,0.004519771297111008
2021-08-10,344.3671462774783,-0.015337499130519516
2021-08-11,346.7172786680788,0.006824496517756851
2021-08-12,338.4374341206861,-0.023880680476034866
2021-08-13,337.42007500655495,-0.003006047829119063
2021-08-16,348.52711895616443,0.03291755521479778
2021-08-17,341.38224979630627,-0.02050018139551657
2021-08-18,338.8503753905077,-0.007416537934556655
2021-08-19,339.50293529264883,0.0019258054573176864
2021-08-20,338.1841913999292,-0.003884337234324242
2021-08-23,344.67716849123946,0.0191995287078095
2021-08-24,354.2107972837427,0.02765958892558773
2021-08-25,355.2097559979442,0.0028202378974950815
2021-08-26,353.05461068593286,-0.0060672469593539
2021-08-27,352.61994354827726,-0.0012311611985780235
2021-08-30,346.7570410419239,-0.016626690048660464
2021-08-31,349.0402294928802,0.006584404008339151
2021-09-01,348.2455742793817,-0.002276686600433009
2021-09-02,352.2108968940095,0.011386570016957753
2021-09-03,349.8536032834828,-0.006692846903132876
2021-09-06,350.13977397448775,0.0008179726843431379
2021-09-07,354.4299444802095,0.012252736834274414
2021-09-08,354.2631576705036,-0.00047057764814573133
2021-09-09,355.0021333219425,0.002085951179056078
2021-09-10,352.76775646190737,-0.006293981501257151
2021-09-13,354.9455464065193,0.00617343820323657
2021-09-14,352.19843497540813,-0.007739529228984687
2021-09-15,353.06791485894166,0.0024687215989311895
2021-09-16,353.37584311967265,0.0008721502231490152
2021-09-17,355.74801031605045,0.0067128731138943465
2021-09-20,354.2657162605115,-0.004166696685729998
2021-09-21,356.5611106633277,0.006479301545307514
2021-09-22,350.1790859668377,-0.017898824368751898
2021-09-23,347.3722027768155,-0.008015564899521155
2021-09-24,347.23138875629695,-0.000405369282265311
2021-09-27,352.38797701503506,0.014850582135468304
2021-09-28,343.0971535744015,-0.026365324717753214
2021-09-29,343.31897570916175,0.0006465286361292399
2021-09-30,348.558517270623,0.015261438872227862
2021-10-01,350.47253001861066,0.005491223576962856
2021-10-04,350.33640055637494,-0.0003884169245118585
2021-10-05,347.4557504205992,-0.008222525924228674
2021-10-06,347.6954328807386,0.0006898215379922412
2021-10-07,345.75345144816976,-0.005585294625468862
2021-10-08,338.78167170688556,-0.0201640206687258
2021-10-11,342.3918710588148,0.010656418730505601
2021-10-12,341.10806227122407,-0.00374953057039773
2021-10-13,342.7903471098713,0.004931823737750252
2021-10-14,340.56878898621136,-0.006480807124209509
2021-10-15,344.32345552360835,0.011024693567997401
2021-10-18,348.24181080469725,0.01137986744217101
2021-10-19,350.0069144891966,0.005068615053490211
2021-10-20,347.98580797218995,-0.005774475969871351
2021-10-21,347.5636850736594,-0.001213046304935128
2021-10-22,346.90424706890445,-0.0018973156088364362
2021-10-25,343.6896516508415,-0.009266520791325061
2021-10-26,344.60170675143115,0.002653717085192353
2021-10-27,343.2800387905568,-0.0038353494337963756
2021-10-28,347.46637336555307,0.012195100506704692
2021-10-29,348.25407513852485,0.002266987062207182
2021-11-01,346.4191195882091,-0.005269013864621197
2021-11-02,351.2520101078939,0.01395099244357434
2021-11-03,349.7562112869904,-0.004258477611114753
2021-11-04,347.0623638962156,-0.007702071625439677
2021-11-05,341.96828527103327,-0.014677703937686637
2021-11-08,338.41060039565394,-0.01040355210881505
2021-11-09,338.1854610800107,-0.0006652844662076163
2021-11-10,336.668368938074,-0.004485976827897309
2021-11-11,336.54093962106396,-0.0003785010080157303
2021-11-12,337.9394624769928,0.004155580172514828
2021-11-15,342.06799975626404,0.012216795425459726
2021-11-16,337.947826899631,-0.012044894171827747
2021-11-17,334.3708858857559,-0.010584299495843386
2021-11-18,329.96912055544425,-0.013164319969579008
2021-11-19,329.5442688250403,-0.0012875499673690172
2021-11-22,335.52820661465825,0.018158221385409234
2021-11-23,334.8193725705781,-0.0021125915201943846
2021-11-24,336.9607293124641,0.006395558074927754
2021-11-25,340.01297278767163,0.009058157849537452
2021-11-26,342.41947421674587,0.007077675329102862
2021-11-29,349.10671629261276,0.0195293859707113
2021-11-30,347.29231877100045,-0.005197257563190338
2021-12-01,343.1508332884277,-0.011925070779649438
2021-12-02,347.32703071910777,0.012170150923602296
2021-12-03,348.89862912763766,0.00452483760125455
2021-12-06,353.2172270624199,0.012377801384832576
2021-12-07,355.67762076349743,0.006965667336046311
2021-12-08,356.39379671194564,0.0020135535851564246
2021-12-09,359.3943292146342,0.008419149071535958
2021-12-10,357.89081865153946,-0.004183456556980936
2021-12-13,353.53627320536185,-0.012167245481693678
2021-12-14,358.31409234722474,0.013514367559923857
2021-12-15,352.94695889675836,-0.014978851139534233
2021-12-16,354.179991094941,0.003493533991727471
2021-12-17,354.375271477202,0.0005513591596670864
2021-12-20,354.7842737829838,0.0011541502432630413
2021-12-21,354.76631717346834,-5.0612754967982454e-05
2021-12-22,354.1624976675067,-0.0017020203912604392
2021-12-23,357.7085760353841,0.010012574429059118
2021-12-24,348.6476901792981,-0.02533035678515505
2021-12-27,343.76696385419143,-0.01399902096754646
2021-12-28,341.13140996244374,-0.007666687520519133
2021-12-29,344.261525623986,0.009175688811202898
2021-12-30,347.3756589205216,0.009045835984404782
2021-12-31,341.9655334474873,-0.015574279124353052
2022-01-03,334.10861064299866,-0.02297577397721917
2022-01-04,344.05127605229166,0.029758782301833264
2022-01-05,351.4573681419531,0.021526128821960366
2022-01-06,352.44857461399727,0.0028202751226538147
2022-01-07,355.41037907906065,0.00840350813819346
2022-01-10,351.07687573520343,-0.012192956646584707
2022-01-11,351.3696392755049,0.0008339015199687605
2022-01-12,351.47100711263647,0.0002884934433737829
2022-01-13,345.7114303920299,-0.01638706067940554
2022-01-14,348.6217998878813,0.008418493691548123
2022-01-17,344.8402835615193,-0.010847044928280924
2022-01-18,345.6711117665518,0.0024093130780769023
2022-01-19,352.0886590930172,0.018565471941431655
2022-01-20,349.53808194882424,-0.0072441331986189406
2022-01-21,352.1292838263227,0.007413217647277204
2022-01-24,353.1746866651324,0.002968804035410333
2022-01-25,352.8476850953658,-0.0009258918663008764
2022-01-26,348.0635008722282,-0.013558780247756475
2022-01-27,346.84725849455475,-0.0034943117408909874
2022-01-28,345.83914201595906,-0.0029065141900538327
2022-01-31,344.7413295110177,-0.0031743442877576467
2022-02-01,348.535815303161,0.011006762077309995
2022-02-02,347.5391446765156,-0.002859593140459471
2022-02-03,357.17351949787195,0.027721696876257917
2022-02-04,360.1212105224542,0.008252826325776397
2022-02-07,363.6614197256009,0.009830604528988207
2022-02-08,364.4560102785612,0.0021849734666927745
2022-02-09,364.59030081931326,0.0003684684487694767
2022-02-10,376.92717984388486,0.03383765008791495
2022-02-11,372.3669441197034,-0.012098452879068522
2022-02-14,368.86267318165835,-0.00941080026942065
2022-02-15,372.473685905115,0.00978958562629706
2022-02-16,374.5282843164314,0.0055160900999586815
2022-02-17,374.2862105522307,-0.0006463430783137936
2022-02-18,378.3097757281541,0.010749969041036422
2022-02-21,378.9272452634116,0.0016321796973630676
2022-02-22,384.45737016672416,0.014594160151953028
2022-02-23,384.1936342611271,-0.0006859951871457382
2022-02-24,385.55107796218874,0.003533227987164045
2022-02-25,382.23505801320505,-0.008600727993059554
2022-02-28,384.83807570692176,0.006809992017076549
2022-03-01,385.65381263684986,0.0021196887247438845
2022-03-02,391.0076129538754,0.013882399555237734
2022-03-03,394.45476870785274,0.008816083471970604
2022-03-04,389.8728149770654,-0.011615916688741845
2022-03-07,388.340283398969,-0.003930850059875368
2022-03-08,392.9649296201888,0.011908747093508643
2022-03-09,390.63351050786844,-0.00593289359071747
2022-03-10,394.26017517731384,0.009284059282907764
2022-03-11,393.8198969344427,-0.0011167200508475084
2022-03-14,395.36289128604454,0.0039180203022060045
2022-03-15,398.64923868615807,0.00831223028904815
2022-03-16,403.0024456366307,0.010919892798038733
2022-03-17,405.55776795023297,0.006340711678723521
2022-03-18,402.63000902010316,-0.007219092226804724
2022-03-21,400.5796271604531,-0.00509247153395298
2022-03-22,401.5870751401111,0.00251497557876168
2022-03-23,405.4063648515629,0.009510489624496188
2022-03-24,411.59345392674743,0.01526145026719039
2022-03-25,413.65700229919463,0.005013559746298801
2022-03-28,417.2657476358082,0.008724003985319806
2022-03-29,416.07139944054114,-0.0028623202408396553
2022-03-30,422.2466251380305,0.014841745204771772
2022-03-31,428.0216265104057,0.013676844357222384
2022-04-01,430.8213777595445,0.0065411443621778975
2022-04-04,425.43510373515835,-0.01250233693693903
2022-04-05,427.55893686321485,0.004992143594663601
2022-04-06,430.2498616912074,0.006293693327367844
2022-04-07,437.0326597285543,0.01576478842011797
2022-04-08,438.1803909094243,0.0026261908699978243
2022-04-11,436.531419150703,-0.003763225815055171
2022-04-12,427.1850905810156,-0.021410437278194694
2022-04-13,430.9119305467668,0.00872418080107229
2022-04-14,431.70507139063375,0.0018406100821124483
2022-04-15,432.20160228567084,0.0011501622935252698
2022-04-18,433.5246091185688,0.003061087293293907
2022-04-19,439.0552948510997,0.012757489693089763
2022-04-20,443.93105439195915,0.011105115000408006
2022-04-21,440.0219177642659,-0.008805729153252173
2022-04-22,442.0746219483145,0.004665004403594963
2022-04-25,446.07114325208624,0.009040377133973987
2022-04-26,446.5870835788373,0.0011566323770453302
2022-04-27,445.06946041075884,-0.0033982692824803262
2022-04-28,441.3291959069271,-0.008403777020287606
2022-04-29,442.19195849405367,0.0019549184489224825
2022-05-02,451.8745718000612,0.021896855245814528
2022-05-03,455.54453520665186,0.008121641790931555
2022-05-04,454.0568403580999,-0.0032657506205777675
2022-05-05,458.7126168482389,0.010253730538377415
2022-05-06,455.76394609605984,-0.006428143992286528
2022-05-09,453.70763816247506,-0.004511782801598252
2022-05-10,457.12568959578135,0.007533599053235029
2022-05-11,459.0524039725048,0.004214845983447457
2022-05-12,460.5302223510312,0.003219280338666808
2022-05-13,451.0900708492785,-0.020498440804949225
2022-05-16,448.9143662426366,-0.004823215466803865
2022-05-17,455.52905689678175,0.014734860702965147
2022-05-18,446.9941093459713,-0.018736340572769183
2022-05-19,439.2653291590123,-0.017290563847178086
2022-05-20,436.27194880033414,-0.00681451541920941
2022-05-23,436.07176429919895,-0.0004588525613110628
2022-05-24,436.81932165076176,0.001714298913079615
2022-05-25,437.39904779657337,0.0013271531662581992
2022-05-26,434.23873614559193,-0.00722523669610553
2022-05-27,433.59273466809094,-0.0014876643277729196
2022-05-30,435.4098019385847,0.0041907235181988245
2022-05-31,437.470674995651,0.004733180208370769
2022-06-01,436.4846720448275,-0.0022538721043033894
2022-06-02,442.35133397471174,0.013440705494651928
2022-06-03,452.8298382621009,0.02368819416285106
2022-06-06,459.83490416109487,0.015469532497854876
2022-06-07,464.70174869338786,0.010583895411706123
2022-06-08,463.7689747922974,-0.0020072528319791116
2022-06-09,461.46074453866083,-0.004977112267310124
2022-06-10,460.20615957434853,-0.0027187252202059975
2022-06-13,460.40728777805396,0.00043703935621253187
2022-06-14,471.07698865099405,0.023174483020094172
2022-06-15,475.51306467668314,0.009416881173484049
2022-06-16,471.8388522749587,-0.007726837966529176
2022-06-17,475.6591241757887,0.008096560684671683
2022-06-20,479.1933165568541,0.007430094791494479
2022-06-21,482.80458499810055,0.007536141086429415
2022-06-22,482.72081187752025,-0.00017351351495686895
2022-06-23,488.3908550015652,0.011746009255311884
2022-06-24,496.17239318800426,0.01593301370561928
2022-06-27,497.0373844726527,0.001743328118460452
2022-06-28,496.4816251359898,-0.0011181439344900568
2022-06-29,495.7807047592983,-0.0014117750611606361
2022-06-30,492.5535455416637,-0.0065092473076405755
2022-07-01,491.96796448091203,-0.0011888678216857018
2022-07-04,479.2913816476531,-0.02576709003122657
2022-07-05,477.53173342456853,-0.0036713537744731406
2022-07-06,479.7642763276995,0.004675171819725099
2022-07-07,483.81218541826075,0.008437287414447603
2022-07-08,482.538370387485,-0.002632870913895191
2022-07-11,477.92866554947716,-0.009553032713867204
2022-07-12,485.6632205484125,0.016183492551221867
2022-07-13,485.3448646915193,-0.0006555074451256582
2022-07-14,487.5885382432806,0.004622843909530827
2022-07-15,477.1660654450251,-0.021375549219853185
2022-07-18,485.20487341486825,0.01684698169461374
2022-07-19,485.2070045329796,4.39220261005957e-06
2022-07-20,481.8428262341212,-0.006933490793473829
2022-07-21,471.4666309577136,-0.02153439817191749
2022-07-22,469.9887900148833,-0.0031345610607229624
2022-07-25,478.53209928232354,0.018177687317115998
2022-07-26,478.3159884928306,-0.0004516118977536676
2022-07-27,475.94216950537924,-0.004962867737144383
2022-07-28,485.3082045282038,0.019678935011281373
2022-07-29,482.07303791794845,-0.006666210420655183
2022-08-01,485.28661745860444,0.006666167339570039
2022-08-02,487.1758812355898,0.0038930885563654982
2022-08-03,492.39023908831865,0.010703234814301688
2022-08-04,500.9219517436467,0.017327136035687474
2022-08-05,510.2353994416634,0.01859261241316701
2022-08-08,496.6179562218006,-0.02668855049015406
2022-08-09,488.6703744181472,-0.01600341208787026
2022-08-10,483.1376834880147,-0.011321928276745274
2022-08-11,486.47186327155816,0.006901096514501548
2022-08-12,487.2464372876984,0.0015922277825715092
2022-08-15,480.08127614117717,-0.014705415162000524
2022-08-16,473.7430409853381,-0.013202421070833803
2022-08-17,473.48916329933775,-0.0005358974465826671
2022-08-18,480.9007768422241,0.015653185156849547
2022-08-19,489.14272346213676,0.017138559588180335
2022-08-22,495.4115959992866,0.012816039647444821
2022-08-23,485.69940911304076,-0.019604278472036052
2022-08-24,493.8497830552521,0.016780695609852847
2022-08-25,485.0872044310216,-0.017743408876318423
2022-08-26,496.4408647444557,0.023405400533603737
2022-08-29,495.44456827573003,-0.0020068784410778306
2022-08-30,495.52818509897224,0.00016877129874126595
2022-08-31,500.1923100196761,0.00941243114107082
2022-09-01,492.9331383450109,-0.014512761450450218
2022-09-02,495.4961229336455,0.005199456861917806
2022-09-05,492.3518702893915,-0.006345665482987095
2022-09-06,491.18490205136305,-0.0023701915407421392
2022-09-07,494.6440150498219,0.0070423846173046645
2022-09-08,491.14276288835936,-0.007078327150304098
2022-09-09,497.4326647358804,0.012806667068717026
2022-09-12,504.56904128778365,0.014346417229540886
2022-09-13,508.87320529164447,0.008530376720845778
2022-09-14,504.02612111680673,-0.009525131455997538
2022-09-15,502.68574978379905,-0.002659329103891883
2022-09-16,506.89422373919905,0.008371977835476718
2022-09-19,506.5009044666577,-0.0007759395434415728
2022-09-20,512.1158456619966,0.011085747618262198
2022-09-21,498.3297148155543,-0.026919945874006923
2022-09-22,503.5867717130943,0.01054935465665685
2022-09-23,506.3879621831701,0.005562478260790593
2022-09-26,501.17552033620814,-0.010293376296880652
2022-09-27,498.1612561308734,-0.006014388339064536
2022-09-28,501.49828464495806,0.00669869138359469
2022-09-29,494.46754940655416,-0.014019460192932431
2022-09-30,495.3251046978217,0.0017343004455938615
2022-10-03,499.18520737348115,0.0077930689138285825
2022-10-04,503.3573280673524,0.008357861235158248
2022-10-05,512.1465504365952,0.017461198792891652
2022-10-06,507.3909671272215,-0.009285590824188339
2022-10-07,508.7205185675945,0.0026203687619841265
2022-10-10,509.241026145343,0.001023170009367913
2022-10-11,509.4168791333933,0.00034532368568451766
2022-10-12,506.72315109114277,-0.005287865700157046
2022-10-13,520.8464320196457,0.027871789354977805
2022-10-14,517.3823168204055,-0.006650933915026802
2022-10-17,514.8486416705838,-0.004897104264004581
2022-10-18,507.6835545553663,-0.013916880681608013
2022-10-19,507.8773264720427,0.00038167853761983395
2022-10-20,497.89205630490983,-0.019660791389320864
2022-10-21,500.9337934836372,0.006109230183950931
2022-10-24,496.86627030931555,-0.008119881763286374
2022-10-25,503.90098759869073,0.014158170336247222
2022-10-26,502.13201685458847,-0.0035105522466470918
2022-10-27,498.1657724933309,-0.007898807939200059
2022-10-28,493.01920911677615,-0.010331025655970105
2022-10-31,491.2921272178087,-0.0035030722272697545
2022-11-01,484.51993934567935,-0.013784442080275738
2022-11-02,485.2055332600318,0.0014149962853506892
2022-11-03,483.77834883293076,-0.0029414017962903216
2022-11-04,481.8318802379294,-0.004023471905464593
2022-11-07,481.00968242284006,-0.0017063997813580034
2022-11-08,478.83033841066896,-0.004530769528783174
2022-11-09,484.2123515265734,0.011239916697359575
2022-11-10,481.57862982506106,-0.005439187359035813
2022-11-11,486.95975044908005,0.01117391904614573
2022-11-14,486.0893306849884,-0.0017874573068696886
2022-11-15,484.54151727614334,-0.003184215968418669
2022-11-16,472.256754058696,-0.02535337588099018
2022-11-17,467.46716996689406,-0.010141907025445374
2022-11-18,454.5779245372735,-0.027572514729822473
2022-11-21,453.00100701884895,-0.0034689707381406754
2022-11-22,456.3003984567472,0.00728340861670751
2022-11-23,463.1101531541396,0.014923841224824042
2022-11-24,456.03139848123936,-0.015285250441365639
2022-11-25,462.9183367596529,0.015101894960192874
2022-11-28,452.3657950055234,-0.022795687524489572
2022-11-29,458.30381667092826,0.01312659297180585
2022-11-30,448.73637149152967,-0.02087577024537024
2022-12-01,450.1975262128633,0.003256153978508536
2022-12-02,452.7201981975322,0.005603478113018756
2022-12-05,451.04947269988077,-0.003690415193100094
2022-12-06,451.2421568410467,0.00042719070263541603
2022-12-07,452.416647616745,0.002602794880514736
2022-12-08,463.27584392182126,0.02400264526577578
2022-12-09,467.39367974069916,0.008888518304815296
2022-12-12,470.23385794399906,0.006076629459079497
2022-12-13,472.47587902174314,0.004767885255108739
2022-12-14,473.18448240292054,0.0014997662582152405
2022-12-15,468.36284020398267,-0.010189772442351974
2022-12-16,464.72613618256355,-0.007764715108131259
2022-12-19,462.2664484339099,-0.005292768271779269
2022-12-20,464.95413503782623,0.005814150287181352
2022-12-21,447.322718570937,-0.03792076494911656
2022-12-22,455.30584536229543,0.01784645952448405
2022-12-23,452.01181473021114,-0.007234764643671898
2022-12-26,454.19251766994125,0.004824437921012503
2022-12-27,453.2840752212263,-0.002000126407575742
2022-12-28,447.31356623518866,-0.013171671612605684
2022-12-29,441.61624158327095,-0.012736758019367023
2022-12-30,437.92431097332513,-0.008360042639531606
2023-01-02,444.13424244064856,0.014180376178525744
2023-01-03,440.1062078612332,-0.009069407837774768
2023-01-04,441.0581521821347,0.002162987715005338
2023-01-05,451.17238255885275,0.02293173887995925
2023-01-06,457.69703261137306,0.014461545752236349
2023-01-09,452.7711596081823,-0.010762300500587463
2023-01-10,457.85351566824255,0.01122499954382783
2023-01-11,450.3671671965717,-0.01635096862965968
2023-01-12,450.7109414958781,0.000763320073810636
2023-01-13,440.47356868998736,-0.022713832444168358
2023-01-16,440.1377724166108,-0.0007623528339628649
2023-01-17,445.898075093048,0.013087499045605355
2023-01-18,436.57054128233125,-0.02091853347599748
2023-01-19,441.52931608881596,0.011358473230739241
2023-01-20,437.7430944111122,-0.008575244133828042
2023-01-23,438.11229538273693,0.0008434192939614782
2023-01-24,438.97882068169764,0.001977861174162543
2023-01-25,437.05611830618204,-0.004379943370684258
2023-01-26,437.79218761224905,0.001684152847281073
2023-01-27,437.2043415148856,-0.0013427514560495624
2023-01-30,444.92220310084554,0.017652756052737306
2023-01-31,443.5301195309594,-0.0031288246803242714
2023-02-01,441.6668224067624,-0.004201061082768076
2023-02-02,444.70206341006116,0.0068722413577704256
2023-02-03,449.40258990893585,0.01057005776593467
2023-02-06,450.83202477965244,0.003180744621445575
2023-02-07,444.41570178059465,-0.014232181048349002
2023-02-08,443.8557862581732,-0.001259891403877167
2023-02-09,449.7900859054599,0.013369882360472207
2023-02-10,457.9422554310273,0.01812438686627904
2023-02-13,453.40238702063084,-0.009913626350386506
2023-02-14,455.86510533005793,0.0054316394882920616
2023-02-15,462.43720180989226,0.014416757069124486
2023-02-16,464.1237322723231,0.0036470475468453056
2023-02-17,465.7448406180243,0.0034928365713262632
2023-02-20,478.3533760383445,0.027071766170483347
2023-02-21,483.4661873987235,0.010688356383564246
2023-02-22,485.0135302940981,0.0032005193655837427
2023-02-23,480.8303994195736,-0.008624771502741213
2023-02-24,462.62993955981193,-0.03785214055045616
2023-02-27,468.2575824456749,0.012164458900385089
2023-02-28,473.7494271630217,0.011728255821642719
2023-03-01,475.8096797150612,0.0043488233101978135
2023-03-02,473.58136351073085,-0.004683209063053861
2023-03-03,478.3725265010968,0.010116874014738153
2023-03-06,485.1749905482327,0.014220014048236251
2023-03-07,486.18736841699115,0.002086624184017616
2023-03-08,496.0730999456598,0.020333172292929413
2023-03-09,496.54740380040676,0.000956116860194367
2023-03-10,498.5274094448828,0.003987546061708702
2023-03-13,494.84086640750564,-0.007394865292325914
2023-03-14,501.39193878285846,0.013238745665678175
2023-03-15,493.31466277626157,-0.016109704568056493
2023-03-16,496.5429969597085,0.006544168310908427
2023-03-17,493.27065191741974,-0.006590255148748558
2023-03-20,493.43933043278037,0.0003419593578188884
2023-03-21,507.8916652893286,0.029288980357266015
2023-03-22,505.1229532738333,-0.005451383050198544
2023-03-23,514.8710946321781,0.01929855156089144
2023-03-24,519.339630484675,0.008678940999181872
2023-03-27,520.8297796716123,0.0028693153756562673
2023-03-28,506.00498849357245,-0.028463793271166216
2023-03-29,512.5585741783315,0.012951622679194807
2023-03-30,507.7275459868483,-0.009425319241274321
2023-03-31,497.1896595476124,-0.020755002407351952
2023-04-03,500.8993586213194,0.007461335935832647
2023-04-04,496.13288096289017,-0.009515839013147342
2023-04-05,503.5587672947509,0.014967535143908695
2023-04-06,506.28877560786367,0.005421429414840917
2023-04-07,507.20152107887816,0.0018028159323077997
2023-04-10,513.498216018876,0.0124145821302033
2023-04-11,517.9467033825966,0.008663101886136282
2023-04-12,528.0882953490701,0.01958037747946073
2023-04-13,525.463642657861,-0.004970101996815135
2023-04-14,529.908161707608,0.008458280818947062
2023-04-17,517.298553524955,-0.023795836889960453
2023-04-18,526.30786049399,0.017416068356743253
2023-04-19,522.5498598715617,-0.0071403087518037145
2023-04-20,531.6114414816503,0.017341085140307744
2023-04-21,530.3071564657811,-0.0024534555016989534
2023-04-24,525.9112068924745,-0.008289440411483828
2023-04-25,530.8950705874579,0.009476625768125801
2023-04-26,525.6900832619997,-0.009804173392867765
2023-04-27,530.9451488990918,0.00999650897822435
2023-04-28,539.361860978276,0.01585231939049847
2023-05-01,530.1918031493268,-0.01700168011938563
2023-05-02,518.9462652328701,-0.02121032020800484
2023-05-03,525.4703523111394,0.012571796957324022
2023-05-04,522.8319606402067,-0.0050210095761416
2023-05-05,521.6131132446293,-0.0023312411775381348
2023-05-08,521.1121486511053,-0.0009604141092386387
2023-05-09,524.2327720780816,0.005988391241797064
2023-05-10,521.7739426894134,-0.004690338947947237
2023-05-11,536.4978149897959,0.028218872380805893
2023-05-12,527.8896100223631,-0.016045181782513906
2023-05-15,521.1614032003346,-0.012745480673020726
2023-05-16,518.2817249973158,-0.005525501668648736
2023-05-17,518.9093024989146,0.0012108810157296368
2023-05-18,521.4747922808209,0.004944004221068443
2023-05-19,522.895601340169,0.0027245977761145568
2023-05-22,526.5971088952724,0.007078865352120989
2023-05-23,532.868821992922,0.011909888967690518
2023-05-24,548.9464941721222,0.030171913828754393
2023-05-25,553.5478019867354,0.0083820697708481
2023-05-26,551.0376906264903,-0.004534588252786964
2023-05-29,544.4163499739942,-0.012016130230525834
2023-05-30,546.2020650969794,0.0032800541774149483
2023-05-31,557.0053556175689,0.019778926538242425
2023-06-01,558.2946767546521,0.0023147374151433198
2023-06-02,561.4310718261579,0.0056178129616739625
2023-06-05,556.2908831098716,-0.009155511645564718
2023-06-06,550.3276683283049,-0.01071959825807356
2023-06-07,551.3295473947135,0.0018205137122251358
2023-06-08,545.738813835979,-0.010140456982857593
2023-06-09,555.0078202343991,0.01698432686740481
2023-06-12,551.2502311898187,-0.006770335313461828
2023-06-13,545.6234314233859,-0.010207342234193506
2023-06-14,546.6731586369021,0.0019239042039997933
2023-06-15,548.0025667953606,0.0024318153131448472
2023-06-16,542.8945654558131,-0.00932112666810736
2023-06-19,542.2975654074693,-0.001099661124517981
2023-06-20,544.4556122735905,0.003979451511090026
2023-06-21,547.742721682977,0.006037424053101148
2023-06-22,552.311168115885,0.008340496828275645
2023-06-23,541.0191918006592,-0.020444953799769183
2023-06-26,553.8123504974036,0.023646404583477443
2023-06-27,551.3265376478122,-0.004488547153848721
2023-06-28,552.582294543151,0.0022777007990515408
2023-06-29,548.8517570408754,-0.006751098504449438
2023-06-30,544.8961211606697,-0.007207111627978491
2023-07-03,543.8790548335502,-0.0018665325144049394
2023-07-04,536.015906437883,-0.014457531184159378
2023-07-05,532.2216778845358,-0.00707857454933003
2023-07-06,526.4978166815594,-0.01075465626602723
2023-07-07,520.002314365432,-0.012337187563412177
2023-07-10,523.838606307972,0.007377451670040225
2023-07-11,534.0598757081196,0.019512249149002958
2023-07-12,532.6383624636765,-0.0026617113718914176
2023-07-13,537.640434550777,0.009391122456827494
2023-07-14,539.7876167995591,0.00399371422012984
2023-07-17,531.8564956170899,-0.014693040254412426
2023-07-18,523.7889208278307,-0.015168705949334615
2023-07-19,519.465260914357,-0.008254584512097485
2023-07-20,514.2914444375929,-0.009959889267007527
2023-07-21,510.63122556859565,-0.007117012947784662
2023-07-24,503.59870349191067,-0.01377221314433752
2023-07-25,502.5648635672942,-0.0020529042617621895
2023-07-26,500.90194388148456,-0.00330886579297629
2023-07-27,494.35115674699125,-0.013077983055388653
2023-07-28,488.3280233185245,-0.012183916930833427
2023-07-31,478.6023920764335,-0.019916184977463836
2023-08-01,483.0655002684085,0.00932529436932339
2023-08-02,485.68616866504783,0.00542507878369114
2023-08-03,478.44560650538295,-0.014907902729794031
2023-08-04,482.5310937950675,0.008539084138582398
2023-08-07,485.6797954083859,0.006525385936384298
2023-08-08,482.362812563791,-0.00682956729094697
2023-08-09,473.521647656493,-0.018328869218393162
2023-08-10,470.8886882958808,-0.005560378017864576
2023-08-11,475.9142107806462,0.010672421337944105
2023-08-14,479.74699682995197,0.008053523014197816
2023-08-15,478.50907166117,-0.0025803708558090888
2023-08-16,489.1234427208517,0.022182173104541736
2023-08-17,487.14431523768917,-0.004046274028807972
2023-08-18,491.7349897741035,0.00942364386244443
2023-08-21,494.65616057602864,0.005940538832241993
2023-08-22,501.8514986776385,0.014546140683320052
2023-08-23,505.95502312270486,0.008176770331221439
2023-08-24,502.19929592880845,-0.007423045571751441
2023-08-25,498.84387985772486,-0.006681443200508341
2023-08-28,504.90362440474036,0.012147577211419014
2023-08-29,502.6521032224433,-0.004459308813541396
2023-08-30,500.0510530380529,-0.005174652941299596
2023-08-31,495.8910789849225,-0.008319098675738212
2023-09-01,502.90209293143874,0.014138213498148922
2023-09-04,494.7563840049736,-0.01619740510321488
2023-09-05,488.469806386273,-0.012706410310083904
2023-09-06,490.6469251169775,0.004457018022896886
2023-09-07,492.55033468301417,0.003879387536328327
2023-09-08,489.616312534318,-0.0059567965791442745
2023-09-11,484.79202705025574,-0.009853195983383634
2023-09-12,479.86033050664037,-0.010172808685865897
2023-09-13,467.1827803384166,-0.026419250274009376
2023-09-14,469.39434488329516,0.004733831463729299
2023-09-15,473.5237072708786,0.008797213755547428
2023-09-18,467.9896895296135,-0.011686886329641322
2023-09-19,465.0502900160884,-0.006280906565440669
2023-09-20,463.6695755790589,-0.0029689572647760842
2023-09-21,466.23359026021546,0.005529831621914116
2023-09-22,467.41615011213213,0.0025364106675724862
2023-09-25,472.95821336118024,0.011856807360461463
2023-09-26,484.49219392572746,0.024386891354689633
2023-09-27,487.2211659600251,0.005632643969318396
2023-09-28,481.14301245252335,-0.012475142568006636
2023-09-29,474.2232908261534,-0.014381839592968682
2023-10-02,474.4630289831486,0.0005055385545857938
2023-10-03,477.2153010477884,0.005800814597795689
2023-10-04,479.1362938302288,0.004025421603671697
2023-10-05,481.68829180112954,0.005326246422495018
2023-10-06,490.41081670897864,0.018108235255695826
2023-10-09,481.51361367134643,-0.01814234664997616
2023-10-10,489.7898785840278,0.017188018526782978
2023-10-11,484.67665085148815,-0.010439635354086763
2023-10-12,484.6012954109562,-0.00015547569786900084
2023-10-13,487.76378121669387,0.006525954089858121
2023-10-16,487.54471923325656,-0.0004491149033060138
2023-10-17,474.0793409940085,-0.027618755178857368
2023-10-18,468.6295948233605,-0.01149543061551983
2023-10-19,462.1543454822534,-0.013817414462583777
2023-10-20,454.59619541598687,-0.01635416855894689
2023-10-23,456.5592476543579,0.004318232880446082
2023-10-24,454.1888117090193,-0.005191956920196028
2023-10-25,458.1997166903862,0.008830919824455163
2023-10-26,462.488834952096,0.00936080513687454
2023-10-27,459.73789281073925,-0.005948126599946368
2023-10-30,459.0031969864687,-0.001598075415926159
2023-10-31,457.0834332258309,-0.004182462721919578
2023-11-01,453.82435959376124,-0.007130150417110959
2023-11-02,447.41013291615405,-0.014133720550718931
2023-11-03,449.41844682243965,0.004488753737416973
2023-11-06,450.651562166856,0.0027438022474042256
2023-11-07,453.94454746702877,0.007307164950985934
2023-11-08,463.3224086641011,0.020658605218192294
2023-11-09,469.15436905367955,0.012587261657371007
2023-11-10,465.8129029882956,-0.007122316844504595
2023-11-13,472.6886099917612,0.014760662401913649
2023-11-14,467.04044954430503,-0.011949008984063814
2023-11-15,478.39710467951045,0.024316213180862967
2023-11-16,471.7661544430029,-0.013860765819119658
2023-11-17,466.94988858896704,-0.010209010987068945
2023-11-20,467.247076474179,0.0006364449215525703
2023-11-21,463.511216610066,-0.00799546974654941
2023-11-22,459.6535050114071,-0.00832280096018534
2023-11-23,462.30601001054777,0.00577066196650633
2023-11-24,458.4244753497103,-0.00839602898683689
2023-11-27,461.71115859963436,0.0071695195755348
2023-11-28,464.9857943540647,0.007092390325506237
2023-11-29,470.37170593627945,0.011582959409967897
2023-11-30,471.5744151894715,0.00255693367184584
2023-12-01,469.5412782101315,-0.0043113810118877716
2023-12-04,463.59267501766664,-0.012668967497683425
2023-12-05,457.09987173236243,-0.014005405251618308
2023-12-06,460.5917338925561,0.007639166790749385
2023-12-07,460.25977251090063,-0.0007207280487862011
2023-12-08,456.66119970379344,-0.007818569038687717
2023-12-11,451.35399978287234,-0.011621744795405342
2023-12-12,442.0182528079056,-0.020683868935376215
2023-12-13,445.4343606564409,0.007728431635649846
2023-12-14,443.1609013269197,-0.005103915481892263
2023-12-15,438.56786547973337,-0.010364262355803011
2023-12-18,433.96130555255525,-0.010503642172093874
2023-12-19,435.9280036364178,0.004531966464978776
2023-12-20,437.5906390482511,0.003814013777421854
2023-12-21,430.674385308145,-0.015805305513730272
2023-12-22,428.2943722397778,-0.00552624708958338
2023-12-25,427.24785119505094,-0.002443462049837364
2023-12-26,430.53817576307017,0.007701207996285708
2023-12-27,423.71550098606235,-0.015846852058857608
2023-12-28,413.70854070228586,-0.023617168266179767
2023-12-29,413.3725783724232,-0.0008120749194404642
2024-01-01,413.91041609611875,0.0013010967631505999
2024-01-02,409.4761711705761,-0.010713054692764512
2024-01-03,414.47293025143017,0.01220280795966655
2024-01-04,415.19922789263455,0.0017523403537205162
2024-01-05,417.9585365315433,0.0066457460745141805
2024-01-08,419.9892578122403,0.004858666837024295
2024-01-09,421.8362100943075,0.004397617909772666
2024-01-10,423.03155399139007,0.002833668301768899
2024-01-11,424.6962139523226,0.003935072798296302
2024-01-12,412.96564120353156,-0.02762109094315568
2024-01-15,412.81371023561906,-0.0003679021999741794
2024-01-16,413.6278235061328,0.0019721081212373814
2024-01-17,413.41855722945826,-0.0005059289167268499
2024-01-18,408.59274258145496,-0.011672951210375482
2024-01-19,397.2879851397308,-0.02766754340838673
2024-01-22,402.744945506531,0.01373552830922109
2024-01-23,401.52728535594883,-0.00302340268740231
2024-01-24,396.5407402962867,-0.012418944469095416
2024-01-25,393.33939235328825,-0.008073187992251318
2024-01-26,391.906444785758,-0.003643030917796275
2024-01-29,388.0776465659252,-0.00976967404025697
2024-01-30,387.07681232313314,-0.0025789535976843414
2024-01-31,388.4880956148318,0.0036460031879164134
2024-02-01,393.4371978807234,0.012739392330822774
2024-02-02,393.25167326566935,-0.00047154823197537166
2024-02-05,393.5222823372033,0.0006881320282421388
2024-02-06,393.563611514453,0.00010502372827336792
2024-02-07,386.1997399172601,-0.0187107531838534
2024-02-08,378.8078564217294,-0.01914005301276056
2024-02-09,382.7498877268769,0.01040641380140439
2024-02-12,388.5200642539495,0.015075579933781835
2024-02-13,386.6620947522764,-0.004782171302377458
2024-02-14,390.17491726383355,0.009084993225952687
2024-02-15,389.9141757296855,-0.0006682683140590839
2024-02-16,386.91914286617526,-0.007681261800511208
2024-02-19,391.880483011113,0.012822679457484831
2024-02-20,386.9780552334155,-0.01251000749011133
2024-02-21,391.73189290633064,0.012284514867510365
2024-02-22,386.3914810903226,-0.013632823654940451
2024-02-23,385.7512038251847,-0.0016570687928501027
2024-02-26,380.7458619091268,-0.012975570436135841
2024-02-27,380.32284840339184,-0.0011110127464389885
2024-02-28,385.14580598703685,0.012681219663483123
2024-02-29,384.6189412935906,-0.001367961653109595
2024-03-01,382.66205091906716,-0.005087867924397638
2024-03-04,387.2485584303534,0.011985791379810262
2024-03-05,386.618928786907,-0.0016259057128539256
2024-03-06,392.8578393707684,0.016137105866588453
2024-03-07,392.8091173829366,-0.00012401938551054315
2024-03-08,394.50632634012226,0.0043206964453705865
2024-03-11,395.85120567102274,0.0034090184139177193
2024-03-12,394.9742107831358,-0.00221546600167688
2024-03-13,383.38120613366453,-0.029351295180728876
2024-03-14,383.2478772570857,-0.0003477710290585856
2024-03-15,380.26023066468565,-0.007795598539991122
2024-03-18,374.93058641400887,-0.014015781354155044
2024-03-19,373.12476379096637,-0.004816418527797683
2024-03-20,380.0884232624448,0.01866308577519038
2024-03-21,384.2355146605171,0.010910859537568207
2024-03-22,382.7302581306197,-0.003917536178891012
2024-03-25,387.9743421543183,0.013701775368669455
2024-03-26,382.72476531487763,-0.01353073198163357
2024-03-27,386.6100195154865,0.010151562043319462
2024-03-28,385.3508963306559,-0.003256830193921423
2024-03-29,385.244841182361,-0.000275217079562573
2024-04-01,388.0845950437705,0.007371296271467154
2024-04-02,380.39622350291677,-0.01981107119180181
2024-04-03,380.33514575051737,-0.0001605635088512969
2024-04-04,383.5313372077055,0.008403618474125185
2024-04-05,388.6592857220739,0.01337035078203086
2024-04-08,394.01915713288145,0.013790668607980505
2024-04-09,384.4374187726749,-0.024317950502531382
2024-04-10,382.6653367890867,-0.004609546045870383
2024-04-11,385.903235566812,0.008461437361675372
2024-04-12,385.3023152074237,-0.0015571788573000012
2024-04-15,389.05549154905634,0.00974086111995498
2024-04-16,390.3523168598957,0.0033332656626332557
2024-04-17,393.53357148685035,0.00814970089724465
2024-04-18,396.46889437717465,0.007458888143225151
2024-04-19,391.1128462908896,-0.013509377815626666
2024-04-22,385.4124672605403,-0.014574768086522027
2024-04-23,382.6970463074579,-0.007045493292895388
2024-04-24,388.7667770631916,0.015860406591320597
2024-04-25,389.97211530194005,0.0031004147212725375
2024-04-26,389.68219364829554,-0.0007434420110269402
2024-04-29,389.2652930272944,-0.0010698477574714316
2024-04-30,390.46650938595565,0.003085855277051408
2024-05-01,391.1720744647556,0.0018069797584165936
2024-05-02,396.8171649188684,0.014431220484839136
2024-05-03,401.59774331917987,0.012047307483003866
2024-05-06,398.84481519382007,-0.006854939230004242
2024-05-07,397.00680441361226,-0.004608335648827788
2024-05-08,389.8746593475562,-0.017964793013032665
2024-05-09,389.9117945685013,9.5249127007202e-05
2024-05-10,389.6312620629539,-0.0007194768392627671
2024-05-13,388.77658865543424,-0.0021935442320374365
2024-05-14,391.9579644587075,0.00818304367111189
2024-05-15,388.6983120648454,-0.00831633156979894
2024-05-16,381.4191347960957,-0.018727061689774893
2024-05-17,379.9813203036483,-0.0037696443656819456
2024-05-20,379.89535740873475,-0.00022622926528304
2024-05-21,375.4855207787863,-0.011608029800700748
2024-05-22,384.23444013679784,0.023300284228978008
2024-05-23,387.641200107846,0.008866357658712909
2024-05-24,389.1534685855475,0.003901206779054478
2024-05-27,388.32105572249503,-0.002139034931586292
2024-05-28,387.7910100311506,-0.001364967682110918
2024-05-29,386.14055848555233,-0.004256033541019222
2024-05-30,387.60328292309373,0.003788062158707639
2024-05-31,383.5601820856264,-0.01043102836223786
2024-06-03,387.84715107591785,0.011176783176451766
2024-06-04,391.7664072882863,0.0101051566357937
2024-06-05,391.87690234408245,0.0002820432118235683
2024-06-06,394.1691258782604,0.005849345854441967
2024-06-07,397.8464936594478,0.009329416079947306
2024-06-10,401.09451316151404,0.00816400182942556
2024-06-11,398.69440659733147,-0.00598389278692546
2024-06-12,406.2897330494884,0.019050496637210035
2024-06-13,410.75341016348455,0.010986438373653096
2024-06-14,404.7117561944404,-0.014708712866533524
2024-06-17,406.05350819258086,0.0033153274586266157
2024-06-18,401.3305623843765,-0.011631338513062195
2024-06-19,396.6136308244798,-0.011753232875843178
2024-06-20,395.40245037154904,-0.003053804405090621
2024-06-21,401.78794858302473,0.01614936428814584
2024-06-24,400.71040252376224,-0.002681877500464225
2024-06-25,396.8102570877642,-0.009733077582798066
2024-06-26,393.1737221091185,-0.009164417788326995
2024-06-27,394.98986552034125,0.0046191881834838355
2024-06-28,388.842374917637,-0.015563666664221376
2024-07-01,387.2965964913387,-0.00397533428969965
2024-07-02,383.53528225953346,-0.009711715170957702
2024-07-03,391.1265654532664,0.019792920090715427
2024-07-04,396.332855264857,0.013311010479580165
2024-07-05,396.7062807598911,0.0009422017127107551
2024-07-08,400.11048400882623,0.008581168017845364
2024-07-09,395.86135681208214,-0.010619884673280344
2024-07-10,390.93861501656664,-0.0124355199384929
2024-07-11,386.1071413275866,-0.012358650446375852
2024-07-12,391.9089995123074,0.015026549793333954
2024-07-15,390.39197654432354,-0.0038708551471684505
2024-07-16,391.39676909553714,0.0025738043084486684
2024-07-17,391.1405223615403,-0.000654698133019771
2024-07-18,389.1229548655047,-0.005158165366897838
2024-07-19,400.8135584389558,0.030043469364308795
2024-07-22,404.2965822326026,0.008689885160602095
2024-07-23,402.4185442044808,-0.004645198872943568
2024-07-24,404.27508418851403,0.004613455345859663
2024-07-25,407.43593361597107,0.007818561051818662
2024-07-26,417.0264606153432,0.023538736297156637
2024-07-29,415.02441588288315,-0.004800761873733239
2024-07-30,414.20853552777487,-0.001965861100900912
2024-07-31,409.13520907567323,-0.012248242170184498
2024-08-01,409.65758730882027,0.0012767863081919462
2024-08-02,415.06997699236325,0.01321198447488503
2024-08-05,409.97780093945727,-0.012268235081237089
2024-08-06,404.7724991014442,-0.012696545583895436
2024-08-07,403.3487968048865,-0.0035172900820046316
2024-08-08,400.3017530893197,-0.0075543642120761145
2024-08-09,401.5422884609523,0.003099000596572088
2024-08-12,399.6584663204746,-0.004691466365094765
2024-08-13,405.5231575867198,0.014674257548550118
2024-08-14,409.6826944331329,0.01025721162551263
2024-08-15,409.870495041462,0.00045840503121308274
2024-08-16,408.27171922126655,-0.0039006853128906727
2024-08-19,406.638931349482,-0.003999267632102788
2024-08-20,403.50668854848936,-0.007702761736555597
2024-08-21,401.4391411117768,-0.00512394836415242
2024-08-22,409.2153965983325,0.01937094490841007
2024-08-23,414.19354897280925,0.012165115036869123
2024-08-26,416.3609284639065,0.005232769791978287
2024-08-27,420.9327788196412,0.010980498032324482
2024-08-28,424.2754234425617,0.007941041399279314
2024-08-29,417.1865017496655,-0.016708301497590505
2024-08-30,422.30959514136384,0.012280103431468348
2024-09-02,414.19904676581245,-0.019205219272454555
2024-09-03,424.1865226387823,0.024112744708021383
2024-09-04,430.8426194660562,0.01569143872338885
2024-09-05,426.6159375737238,-0.00981026876489266
2024-09-06,429.5176048880815,0.006801591452162414
2024-09-09,427.21041870081484,-0.005371575369693793
2024-09-10,424.8926880971106,-0.005425267039958159
2024-09-11,423.6277004063538,-0.0029771933624511693
2024-09-12,423.3206245809112,-0.0007248719220864785
2024-09-13,422.99188954881885,-0.0007765627588256496
2024-09-16,416.58589668187545,-0.015144481549696609
2024-09-17,408.9110282997758,-0.018423255427584828
2024-09-18,417.14810208559607,0.02014392671205134
2024-09-19,415.51331635662063,-0.003918957609544638
2024-09-20,416.18715447729505,0.0016217004224627907
2024-09-23,418.12433084088724,0.004654579899336708
2024-09-24,419.0871818646326,0.002302786402812229
2024-09-25,420.4492793576916,0.0032501530755453256
2024-09-26,423.55596182541626,0.007388958954741565
2024-09-27,427.84375719035523,0.010123326670836263
2024-09-30,432.48392910073204,0.010845482334132406
2024-10-01,430.08389379788184,-0.005549420779266012
2024-10-02,432.40144442435474,0.005388601293593309
2024-10-03,443.6939838817311,0.026115868952310883
2024-10-04,443.57117978577344,-0.0002767765631692676
2024-10-07,443.8199625720943,0.000560863278901591
2024-10-08,444.66802570001533,0.0019108269105476694
2024-10-09,451.10490207674,0.014475689738634667
2024-10-10,442.84977589425637,-0.01829979267456361
2024-10-11,446.0884652201234,0.007313291102670316
2024-10-14,449.77501976278865,0.008264178139746559
2024-10-15,453.1576555454892,0.007520728439931013
2024-10-16,454.0447734660201,0.0019576363980060574
2024-10-17,451.55646793109565,-0.005480308727990879
2024-10-18,452.519724519879,0.0021331918756399837
2024-10-21,460.2428787828751,0.017067000275380995
2024-10-22,461.88163131839315,0.0035606255111471086
2024-10-23,462.8463032578941,0.0020885696119747887
2024-10-24,461.2004710000279,-0.003555893708735436
2024-10-25,461.651502063617,0.0009779501365450027
2024-10-28,459.5943802190086,-0.0044560059599348945
2024-10-29,457.209892879384,-0.005188243029621842
2024-10-30,458.02484665353523,0.0017824500012868505
2024-10-31,457.35433836215066,-0.0014639124848433438
2024-11-01,457.52138677598384,0.0003652494353314495
2024-11-04,452.9061929649586,-0.010087383769198488
2024-11-05,449.37987656021403,-0.007785975240611087
2024-11-06,453.7375453360982,0.009697071460431195
2024-11-07,458.62924755157127,0.01078090686070432
2024-11-08,451.78653547965047,-0.01491992084772431
2024-11-11,458.38989886933865,0.01461611374202998
2024-11-12,460.8304977182103,0.00532428584244915
2024-11-13,460.95698002285917,0.0002744660027387269
2024-11-14,461.9629358614287,0.0021823204380584382
2024-11-15,457.9117333097651,-0.008769540231857054
2024-11-18,458.5250867944374,0.0013394578912382382
2024-11-19,461.7002468195422,0.006924724767629176
2024-11-20,458.52454170440967,-0.0068782833386134
2024-11-21,467.1822750566274,0.01888172292814594
2024-11-22,476.46381656320153,0.019867066886150697
2024-11-25,478.5675817563354,0.004415372416542773
2024-11-26,473.829665393832,-0.009900203321577594
2024-11-27,468.8518917576299,-0.010505407321985016
2024-11-28,472.56474157316546,0.007919024921957396
2024-11-29,471.985927319499,-0.0012248358854272112
2024-12-02,479.6387015211932,0.016213988084678332
2024-12-03,482.0625922797898,0.005053576266696336
2024-12-04,484.2877066224785,0.004615820389973768
2024-12-05,471.57554114264497,-0.026249201261974497
2024-12-06,466.4421005363891,-0.010885722770560435
2024-12-09,464.6569997148554,-0.0038270576765710995
2024-12-10,460.7196174721525,-0.008473739220799748
2024-12-11,465.48557810829817,0.01034460104454693
2024-12-12,467.60298389151575,0.00454881071036084
2024-12-13,462.37170470789977,-0.011187437556706481
2024-12-16,467.3439066240329,0.010753689867926353
2024-12-17,460.6377947411414,-0.01434941546865276
2024-12-18,461.79428388865824,0.002510625833832769
2024-12-19,462.51225001629905,0.001554731517235286
2024-12-20,469.1136304178523,0.014272876883413499
2024-12-23,470.42789436889774,0.0028015897766064946
2024-12-24,471.06367794977814,0.0013515005986908246
2024-12-25,473.84772868221603,0.005910136702865776
2024-12-26,474.56894807444456,0.0015220488536142884
2024-12-27,473.8778990873283,-0.0014561614069361628
2024-12-30,473.8590744988339,-3.972455463874258e-05
2024-12-31,472.3002114184186,-0.003289718746156689
