Date,X,Y
2020-01-01,98.79372608228861,118.81141461400445
2020-01-02,99.93467729113992,120.65955103667326
2020-01-03,100.2732770785296,120.46105691174807
2020-01-06,98.59230958148339,118.03711020254886
2020-01-07,97.96461693381929,116.45201481868608
2020-01-08,99.83369000152938,118.81160615585257
2020-01-09,97.14100228421194,114.74774068465673
2020-01-10,96.68651610507554,114.01931642224373
2020-01-13,98.1014482737731,115.97704059794721
2020-01-14,97.15892373647618,115.87505762052838
2020-01-15,96.43063976210432,115.18532602242588
2020-01-16,96.34388263107391,115.70765983617686
2020-01-17,98.00401822013387,117.82940196432868
2020-01-20,97.31350936078931,117.15541303780772
2020-01-21,96.8416673219475,116.48374114231095
2020-01-22,96.38263766651788,115.74127048934358
2020-01-23,98.84102820240713,119.27852820818204
2020-01-24,101.3401233094491,122.46477951304487
2020-01-27,102.51828033738303,124.04671611900788
2020-01-28,102.98608470188553,124.30399372619534
2020-01-29,103.8688101927159,125.19074344947757
2020-01-30,105.65782263939181,128.3713036269782
2020-01-31,104.56074926378673,127.02106466103795
2020-02-03,105.98257489818141,129.39033945210758
2020-02-04,104.50457308179737,127.3566114167797
2020-02-05,103.76961683892844,126.87543601111112
2020-02-06,104.86068239981627,128.3296124835993
2020-02-07,103.19358888713627,126.12724371571174
2020-02-10,103.04773293710572,126.27649802494733
2020-02-11,102.06345573766494,124.32364343117214
2020-02-12,101.78574788947601,124.27770472780603
2020-02-13,98.62362970341239,120.8766145154855
2020-02-14,96.67911455656375,118.67973293332348
2020-02-17,95.93159111647053,118.43816665346355
2020-02-18,96.96262450970508,119.64135649799822
2020-02-19,96.78872941700885,119.35811279443716
2020-02-20,96.80867761408126,119.55957039547806
2020-02-21,97.5840596274916,120.92388193793055
2020-02-24,96.63248433055696,120.06691183883522
2020-02-25,96.96060892680659,120.34735481700348
2020-02-26,96.09589643379176,118.81208590279637
2020-02-27,94.24808359301939,116.92645012184268
2020-02-28,93.84757422899843,116.05105324788094
2020-03-02,94.47658932645543,116.39673368084921
2020-03-03,94.85649023118482,116.52529317850315
2020-03-04,94.86025272450472,116.55866257386552
2020-03-05,97.48567717692855,119.31102368462885
2020-03-06,97.96019863519489,119.31260541615593
2020-03-09,99.07061636583747,120.31568572069814
2020-03-10,101.63468473081276,123.30090185343806
2020-03-11,100.17164085971724,121.77239144219597
2020-03-12,99.01587408859629,120.4191047722327
2020-03-13,101.01063711856754,122.27258936057376
2020-03-16,100.11809687975432,121.31587213978342
2020-03-17,100.16920876887217,121.53858416742284
2020-03-18,101.40876797892713,122.79857362428152
2020-03-19,102.45595791034565,123.65707851256975
2020-03-20,104.53326810049172,125.75153566371385
2020-03-23,106.33964776621994,127.65328510416495
2020-03-24,107.65565764638127,130.33961797857646
2020-03-25,106.7350819315041,128.7903909163286
2020-03-26,107.72014344970908,130.105464321764
2020-03-27,108.12348121862689,130.23241834627893
2020-03-30,106.52815233329027,128.0650321259823
2020-03-31,108.27277761500864,129.80551424434617
2020-04-01,109.28736322386064,131.42361816792183
2020-04-02,109.3627558103762,131.7036431860122
2020-04-03,109.09304975274895,131.31532401628908
2020-04-06,107.63948455244852,129.82251324925343
2020-04-07,107.90203553347449,130.5093072741215
2020-04-08,108.4955487677863,130.79616563209495
2020-04-09,107.49652750993431,129.8709663292641
2020-04-10,108.94144211472549,131.24604801280267
2020-04-13,107.61318807300975,130.07111077634053
2020-04-14,105.07173636187628,127.39146796267366
2020-04-15,106.33628016785204,129.11077205519297
2020-04-16,105.86943562101771,128.44559542837976
2020-04-17,105.73662832404875,128.02317204045644
2020-04-20,104.75545421694494,126.71394876259534
2020-04-21,102.88301127194165,124.85159461061815
2020-04-22,104.37596131378324,126.3019691379942
2020-04-23,103.5818542824563,125.37387632038705
2020-04-24,105.56948938546131,126.88522385933219
2020-04-27,106.55883001783116,128.20261994743814
2020-04-28,106.19765364034812,127.25144408574803
2020-04-29,104.91629570147806,125.05474619318643
2020-04-30,104.06662507001987,124.29449887640692
2020-05-01,102.66347531598248,122.71588793662896
2020-05-04,105.14032219174815,125.46641544272377
2020-05-05,105.3548585753729,125.57281126518882
2020-05-06,106.75646070255542,128.3902507015362
2020-05-07,105.2515879779683,126.48733128552016
2020-05-08,105.48619751017362,126.66825471002775
2020-05-11,106.92307210509762,128.7186568635139
2020-05-12,106.53619303747648,128.29800815100273
2020-05-13,107.80783283694764,130.31769013524692
2020-05-14,106.50865846706485,128.8974052923286
2020-05-15,104.89289452570074,127.33903313396088
2020-05-18,105.3634272137207,128.12533756607723
2020-05-19,104.92963035596277,127.92743321917956
2020-05-20,105.71470081755308,128.84819128816486
2020-05-21,103.38817896885244,126.16762895835862
2020-05-22,104.24467326267003,127.05990436433945
2020-05-25,107.38028190924827,131.1247194939265
2020-05-26,107.36896216961792,130.4381164640874
2020-05-27,107.4292071343289,130.8734785666846
2020-05-28,107.66685692571079,131.65767099145398
2020-05-29,105.43585843882938,129.35135369615367
2020-06-01,105.96497864362809,129.93424908215377
2020-06-02,104.0715687427076,127.91477180660267
2020-06-03,103.58610530581257,126.94392634835677
2020-06-04,105.07452157607804,129.14857697962586
2020-06-05,104.22031381488806,127.57392002090202
2020-06-08,104.83256930185848,128.6054921658913
2020-06-09,106.06177319874517,130.34686553946202
2020-06-10,106.41601943166405,130.97532493709653
2020-06-11,104.79277610194207,128.8038911193065
2020-06-12,104.41660697530861,128.73257128383014
2020-06-15,106.78101827576964,130.65123241310155
2020-06-16,104.3752030036813,128.15286499277954
2020-06-17,104.0674054139268,127.8792268398406
2020-06-18,103.43592207715852,127.64692617198958
2020-06-19,103.59564233522818,127.93861497413144
2020-06-22,104.49644416603998,129.93867224448545
2020-06-23,106.43853626207675,131.79827309300552
2020-06-24,106.13133710743558,131.73433776668688
2020-06-25,107.13205697939652,132.49219936846217
2020-06-26,107.75957423086133,133.18202697999283
2020-06-29,108.35956288835418,134.27319966280555
2020-06-30,107.6876057720868,133.77956628638995
2020-07-01,106.49518187584535,133.38842695107905
2020-07-02,105.19336590620416,131.65054442082788
2020-07-03,104.3130896752577,131.23721361576523
2020-07-06,104.71247354249684,131.5893241628871
2020-07-07,105.63823836178845,132.3497919018947
2020-07-08,106.04483887550029,132.02623573764038
2020-07-09,105.40512473962794,131.33991408754463
2020-07-10,107.60454025256729,133.71855990026378
2020-07-13,109.4928192375907,136.40825336720633
2020-07-14,109.07315401937572,135.64045472788112
2020-07-15,108.078278975723,134.2083038967069
2020-07-16,108.25678871622473,134.59984322352443
2020-07-17,109.84273968869336,137.3635922895565
2020-07-20,110.27714678846236,137.3405558688112
2020-07-21,110.99456010560141,138.71025825174408
2020-07-22,110.74721246896291,138.85049373767558
2020-07-23,111.34101224665554,139.4525804857225
2020-07-24,113.32785296914408,142.1744974952179
2020-07-27,113.03993830563203,141.68686168583972
2020-07-28,113.24345374011244,143.11677443422886
2020-07-29,113.58958002192692,143.47607832652866
2020-07-30,113.97541070765249,143.9792821961757
2020-07-31,112.18476774860144,141.66761484073902
2020-08-03,109.84160169277568,138.00908854999236
2020-08-04,108.59782190604238,136.3849761159733
2020-08-05,108.82373327410914,136.77208824342287
2020-08-06,109.52834733066172,138.36808642211432
2020-08-07,108.89018758944682,137.8482732965547
2020-08-10,110.62325869391604,139.83326752805144
2020-08-11,110.46300948884547,139.67094007834058
2020-08-12,110.50766448950317,139.88819626233396
2020-08-13,110.2840539952204,139.43038063990517
2020-08-14,110.47098164420319,139.99581232708593
2020-08-17,111.37631265258368,141.89475361618588
2020-08-18,112.23964597976435,142.74917923955488
2020-08-19,111.12135946509123,142.01100055487234
2020-08-20,113.0775046421365,144.79653791944233
2020-08-21,111.70157899152781,143.41404956923884
2020-08-24,111.82140511684734,143.61380372890068
2020-08-25,111.49340556489862,143.38909620205357
2020-08-26,110.19425999075538,141.72142492614577
2020-08-27,110.11957603992113,142.550238437008
2020-08-28,109.21742292570306,141.10845312206857
2020-08-31,109.3267496342418,141.80711751945805
2020-09-01,109.84666907152587,143.2058817048317
2020-09-02,111.71482240612785,145.28609853994274
2020-09-03,112.124360238594,146.36046741854818
2020-09-04,111.3693082591329,145.52639571631036
2020-09-07,110.89513648690861,144.98856948395897
2020-09-08,111.0905962122921,145.1858393080011
2020-09-09,111.2277172083225,144.54351895296637
2020-09-10,113.10353095648038,147.06845742988168
2020-09-11,114.92723936800651,149.97868340588892
2020-09-14,114.48033776287075,149.09004126841367
2020-09-15,113.79014039676501,148.6854737581263
2020-09-16,110.55746309939443,144.76365830513475
2020-09-17,109.89056983184334,143.41704174658474
2020-09-18,108.69749279313106,142.48429428298988
2020-09-21,108.2798637923831,142.82615789774047
2020-09-22,108.78061681784199,143.02993534885633
2020-09-23,109.01834229266179,143.42310676640653
2020-09-24,109.00024721459897,142.6815248188915
2020-09-25,109.26618923310625,142.9796515818146
2020-09-28,109.12901177397647,143.0580718322805
2020-09-29,109.39208856960275,144.25021878995375
2020-09-30,105.4751795436993,140.3287148169327
2020-10-01,105.17188046504151,140.78600509332495
2020-10-02,105.05802841852233,140.3858366665659
2020-10-05,104.67047840811168,139.7981941198236
2020-10-06,104.43027728272376,138.67780005689715
2020-10-07,105.28471399412938,139.3455463563744
2020-10-08,104.59127915622051,137.7875099499612
2020-10-09,107.25268588237138,141.16396646966086
2020-10-12,108.11180939827669,141.84641968635162
2020-10-13,108.12286893937149,141.30898000075788
2020-10-14,107.88854840716526,140.85008814416005
2020-10-15,107.80148933546532,140.15317878015543
2020-10-16,106.70699107361175,138.99428927582494
2020-10-19,106.6103918175437,139.02059391555503
2020-10-20,106.9664008901041,139.2899485075986
2020-10-21,107.69034883001281,139.79334829528236
2020-10-22,108.41937859134727,139.99846332146092
2020-10-23,108.10076846280528,139.89380946983457
2020-10-26,106.39736158732138,137.9640815892216
2020-10-27,105.61154346007937,137.2532575685924
2020-10-28,107.57863179120379,139.46054587546539
2020-10-29,108.69613038672705,140.69258243730258
2020-10-30,109.17161527724409,141.9841638803112
2020-11-02,108.25208637259911,140.58043676198776
2020-11-03,108.27537841553027,140.4520652022261
2020-11-04,106.76323727265553,139.00944187220898
2020-11-05,106.1156015571032,138.383734661824
2020-11-06,105.83936768735481,137.02894291459268
2020-11-09,105.42457240346674,135.68724520891118
2020-11-10,106.59284608251724,136.75875799046673
2020-11-11,104.91005555686759,135.19455919190983
2020-11-12,103.90365746447827,134.322718019884
2020-11-13,102.3143986529855,132.67536912646767
2020-11-16,100.90646061838844,131.2997155331191
2020-11-17,101.06606646321048,131.0067701695943
2020-11-18,99.26578463226645,129.1469555190867
2020-11-19,100.13535532724687,129.72979850470196
2020-11-20,99.87286285952571,129.88845714432262
2020-11-23,99.968166629528,129.7475391012183
2020-11-24,100.35192797175847,130.34886575094822
2020-11-25,99.87646890921408,128.84106567403546
2020-11-26,101.07018136438866,129.59907616414225
2020-11-27,100.86523416614357,129.89847824519194
2020-11-30,101.56461975252779,131.08361288394644
2020-12-01,101.35318833233448,130.2209267930541
2020-12-02,101.70569973697899,131.28673633983448
2020-12-03,102.04646331196872,131.1502604154131
2020-12-04,102.35390189599833,131.5291672682008
2020-12-07,101.24695499231213,129.96078067284427
2020-12-08,101.76627959919577,130.12226260279408
2020-12-09,101.41651876080373,130.28651987749294
2020-12-10,102.16190477925781,132.02347384744996
2020-12-11,99.71595403951258,129.1774700683045
2020-12-14,98.0901189976592,127.9894674765118
2020-12-15,98.51231173077788,128.35549122965952
2020-12-16,100.63287115827033,130.95431684184163
2020-12-17,101.60791555030131,132.19011474047613
2020-12-18,100.84220660929795,130.69290956696022
2020-12-21,98.94307877396253,128.66368461078898
2020-12-22,99.79716764569616,130.04343782695054
2020-12-23,99.72335320399178,129.8681236795846
2020-12-24,100.41098865863188,129.8474106410963
2020-12-25,100.55982501819915,130.20986701976256
2020-12-28,100.61111643551072,129.51390996346132
2020-12-29,104.06172385081803,133.2490039450122
2020-12-30,104.07257829390757,133.3277399229448
2020-12-31,103.90288476391056,132.7392764547865
2021-01-01,103.77793475470457,132.7161747690119
2021-01-04,103.1114558288958,131.80329493059315
2021-01-05,104.2937419648033,132.4067900383116
2021-01-06,103.89429336376806,132.01143749760857
2021-01-07,104.66436371703733,133.228811761675
2021-01-08,105.02092319645315,134.1628832583799
2021-01-11,106.50111012853243,135.75582353949156
2021-01-12,107.02833442955789,136.3577508613545
2021-01-13,105.58421981170396,133.87725898525989
2021-01-14,104.02609470873148,132.98995356436257
2021-01-15,105.71903828857867,135.77398995485404
2021-01-18,105.01011414414792,134.90736397273037
2021-01-19,103.4673655698082,132.9936447972002
2021-01-20,102.70258661770065,130.61079863248716
2021-01-21,104.20401030556454,132.9301383393802
2021-01-22,102.55720320812256,131.2354004130285
2021-01-25,101.57215172938032,130.45974457378622
2021-01-26,100.82459495912973,129.36005237183582
2021-01-27,99.42155819279377,127.44169383970096
2021-01-28,98.11240126883368,125.2529962080387
2021-01-29,96.4547374407276,123.6528044794039
2021-02-01,95.96833487857606,123.69519834417127
2021-02-02,95.599521391459,123.81456359801234
2021-02-03,94.87899738375046,123.04356357676626
2021-02-04,93.13266728268643,120.78464160440566
2021-02-05,94.48209162156601,121.87796559937811
2021-02-08,93.08506774851858,119.85066169190577
2021-02-09,93.39522292599942,120.45662314170028
2021-02-10,92.27998764123323,118.97606411228043
2021-02-11,92.99810437423437,120.65850628424957
2021-02-12,94.02785231160436,122.47038182450571
2021-02-15,93.11298482751943,121.07163627754571
2021-02-16,91.11974948543589,118.07192283487797
2021-02-17,91.85744514268134,118.68294845218692
2021-02-18,93.8484506847893,121.60484657593472
2021-02-19,94.3082428772871,121.89463600287122
2021-02-22,94.49650117251623,122.39353994972943
2021-02-23,95.39554033154523,123.18944688095064
2021-02-24,96.24341414769415,124.37847753884105
2021-02-25,95.35955207258633,123.58191403538817
2021-02-26,94.66593705245302,123.24249263402046
2021-03-01,95.34077146907327,124.76891399925466
2021-03-02,95.20175658643063,125.25721060748745
2021-03-03,96.65047370607894,126.73058539647903
2021-03-04,95.89831651672306,125.75448740117996
2021-03-05,96.73481349591853,126.17152122861035
2021-03-08,97.12825408163283,126.52580728770027
2021-03-09,97.00596335441728,126.3912169874739
2021-03-10,98.32514950875212,127.772260405211
2021-03-11,99.10351746007713,128.45450966257627
2021-03-12,97.99764892890916,127.64350751405092
2021-03-15,98.72879977103004,128.97462999714136
2021-03-16,100.2975665216951,131.05671112186545
2021-03-17,100.16673409381032,130.26095690662223
2021-03-18,99.9020749447686,130.04383137752228
2021-03-19,99.16361673614246,128.9655657417009
2021-03-22,99.16555599476774,129.6257565824498
2021-03-23,99.95752343967496,129.67497214300178
2021-03-24,99.05226623913505,128.30925165670408
2021-03-25,97.56854946276137,126.23546637092888
2021-03-26,97.17062058184534,125.52466469784969
2021-03-29,95.67888217486954,124.2133679837273
2021-03-30,96.26493752350295,123.74045519649896
2021-03-31,95.81696514340352,123.09886225226471
2021-04-01,93.94496968991194,121.27782804513355
2021-04-02,93.59061897782746,121.34266594363635
2021-04-05,93.40266842996853,120.8425863559356
2021-04-06,93.89587386292852,121.09454380081655
2021-04-07,93.75753034466922,121.10163836564173
2021-04-08,95.78203690062197,123.6065645779104
2021-04-09,95.23689524632852,122.98709615027188
2021-04-12,95.18607863832844,121.02542712224128
2021-04-13,95.09159748771026,120.3484636390479
2021-04-14,94.80382115847647,119.5715205125431
2021-04-15,94.973554568724,120.09670553581965
2021-04-16,95.5748084572613,120.09783034972988
2021-04-19,97.05505317449614,121.35081022998146
2021-04-20,95.35993231859663,119.23947319993586
2021-04-21,94.82618259449089,117.95517594261904
2021-04-22,94.36234611069216,117.71999911465105
2021-04-23,95.38774870829288,118.7547803918676
2021-04-26,95.01927640137458,119.22906658971282
2021-04-27,93.01533003922333,116.50947159660186
2021-04-28,93.12408937982983,116.35184120374637
2021-04-29,93.1047038512498,116.730797714085
2021-04-30,93.31087946745642,116.65053999019969
2021-05-03,92.23283355618368,116.1126690568935
2021-05-04,94.06462162175634,118.55227220671684
2021-05-05,93.73611946837073,118.00612965293219
2021-05-06,93.55245721672706,117.70533595242124
2021-05-07,92.61869307148407,118.01017284668846
2021-05-10,91.66203031822418,117.10650472227556
2021-05-11,90.41566203379726,115.68610128893397
2021-05-12,90.02897731152203,115.15579124461199
2021-05-13,89.07221459859747,114.52625700544266
2021-05-14,91.1894670994361,116.30779684954938
2021-05-17,89.273055906547,113.91750940659904
2021-05-18,88.15348654537756,111.15719744518897
2021-05-19,87.76841151860799,110.42840360010966
2021-05-20,88.45660926729605,111.67820430499066
2021-05-21,88.05788554315272,111.89085125544628
2021-05-24,88.75084082935496,113.02538271797899
2021-05-25,87.77857124716537,112.17864351510035
2021-05-26,87.85287280914687,111.40985464450084
2021-05-27,89.62308142824756,113.1949180817242
2021-05-28,88.66041512689756,112.77692102806026
2021-05-31,89.09870243302286,113.04093579016856
2021-06-01,89.3235274419115,113.24273459978836
2021-06-02,87.08709595943212,110.15623582763426
2021-06-03,86.52247719301418,109.01181756518761
2021-06-04,87.65460063210472,110.1352310788564
2021-06-07,87.80421839819901,109.98424441520599
2021-06-08,86.62058735234338,109.04263805808765
2021-06-09,87.31689778829806,109.98589538017792
2021-06-10,86.85890930494308,109.9457511133737
2021-06-11,87.2294035831423,109.6967254955492
2021-06-14,87.61823628338801,110.7760513099461
2021-06-15,86.52887270595951,109.47954312905435
2021-06-16,87.32246531421742,111.35152845102682
2021-06-17,86.34556978184445,110.15286574299891
2021-06-18,85.09132465485264,107.9010706832773
2021-06-21,84.25842440425468,107.54370069649667
2021-06-22,83.94300650451909,107.09695509775219
2021-06-23,84.06181316905867,106.16346555536623
2021-06-24,83.34310919961081,105.37361813271364
2021-06-25,84.06457045155703,106.35498569797818
2021-06-28,84.3192630434427,107.19867317990528
2021-06-29,83.67212463731633,104.62836017694642
2021-06-30,84.53451603580973,106.23766459269414
2021-07-01,85.66968353582777,107.36256721534481
2021-07-02,85.58874939597099,108.22857020147711
2021-07-05,85.39520683321201,107.137178625746
2021-07-06,83.70938568413627,105.38686269781547
2021-07-07,83.33796078581436,105.14701223520682
2021-07-08,83.07739067831938,104.62327074108254
2021-07-09,83.32334330355651,104.53151093881276
2021-07-12,83.17882223239693,104.17121313956571
2021-07-13,83.42379578790732,104.29182126089697
2021-07-14,84.90239887533669,105.43942596259336
2021-07-15,84.40844844532691,105.34318153160724
2021-07-16,83.95443437746371,104.25226447695536
2021-07-19,82.73175230254628,103.29664147594445
2021-07-20,82.73800780916685,102.40968080126366
2021-07-21,83.67405142966794,103.44433825576904
2021-07-22,82.04332396189565,101.40631202792439
2021-07-23,81.44037439132676,100.67487535726994
2021-07-26,81.48773241901687,101.20985293033773
2021-07-27,82.29131360645886,102.07297674528924
2021-07-28,82.6637113115023,102.29088928619952
2021-07-29,82.98376006450037,102.57528399736684
2021-07-30,82.78734970550485,102.83009499435708
2021-08-02,83.25540222914873,102.7889545486624
2021-08-03,84.23309976967688,103.45185734739295
2021-08-04,82.6308929400899,100.55086002567691
2021-08-05,83.33080107493883,102.40437413543886
2021-08-06,83.25200562951231,101.7299472367858
2021-08-09,82.76758679221112,100.2059288040885
2021-08-10,80.52022981095614,97.10465085725981
2021-08-11,79.28354084569197,95.31439647491689
2021-08-12,80.83892060816626,97.91358019050624
2021-08-13,80.22417820160595,96.94343968984622
2021-08-16,79.25722938248155,95.92898574725163
2021-08-17,78.86180814517616,94.55909036012254
2021-08-18,78.2118906974122,93.88318116869662
2021-08-19,78.33586897308065,93.20755697713915
2021-08-20,79.70882194362976,94.69830301738163
2021-08-23,79.19415367914384,93.70076560950707
2021-08-24,79.3466139057467,93.91285363001371
2021-08-25,78.3347363561408,93.01580492355595
2021-08-26,79.71055514824886,93.99883949868655
2021-08-27,79.89548744890814,93.65254904536648
2021-08-30,78.93514037711488,92.59692706218685
2021-08-31,79.76255714332346,93.93347003703842
2021-09-01,80.86932465786404,95.97027865203451
2021-09-02,81.03159405755456,95.92905606648678
2021-09-03,79.55303641218178,93.409047554584
2021-09-06,81.19386134674676,95.47135033584227
2021-09-07,81.49404201857264,95.43424528308935
2021-09-08,82.59717073045022,96.2957896385592
2021-09-09,82.09710016008994,96.39979349130951
2021-09-10,81.74106719998248,96.28191234422412
2021-09-13,81.85773194286067,96.05787110353978
2021-09-14,82.91212914730379,97.3137919812007
2021-09-15,83.06110369715314,97.44972294695947
2021-09-16,81.90001546607853,96.13896487858683
2021-09-17,82.15795439464591,96.24552178618873
2021-09-20,83.70466058805742,97.15153795446402
2021-09-21,83.78170285518524,96.75581358751461
2021-09-22,83.91929339706925,96.65492394514803
2021-09-23,82.740851578752,95.25484964630043
2021-09-24,81.44914695795819,93.1636569202578
2021-09-27,80.87638857917925,92.5694893346701
2021-09-28,80.59151488082591,92.03700516605406
2021-09-29,80.70068931114369,91.78827693149049
2021-09-30,80.86674703064404,91.35240813290868
2021-10-01,82.36334013001259,93.37156556034665
2021-10-04,82.43249360981845,93.66667142902519
2021-10-05,83.44793691947108,95.28531384150283
2021-10-06,83.4252302196371,95.53270991451718
2021-10-07,84.82188747053176,97.52076584298804
2021-10-08,83.05633496349404,95.59314214437283
2021-10-11,82.50871643227784,94.05679506761317
2021-10-12,83.4480516227363,95.04443785644015
2021-10-13,83.300320416997,94.15096917867453
2021-10-14,84.19948107413701,95.91456800498908
2021-10-15,84.58261989694529,96.3673277300058
2021-10-18,85.50953184794933,98.11449999395325
2021-10-19,86.1209925370466,98.33309167497796
2021-10-20,86.7964279290534,99.09767953743979
2021-10-21,88.29311492222368,101.02539105409856
2021-10-22,89.3017874903466,102.07034706304431
2021-10-25,90.32949339315516,103.39748884628955
2021-10-26,90.36611465404785,104.18251608771496
2021-10-27,89.78748564444543,102.9722045646924
2021-10-28,89.13398691533241,100.8690448461126
2021-10-29,89.91182155016914,102.60275847758334
2021-11-01,87.47505746289329,99.28281045453303
2021-11-02,86.20304460001265,98.31764486718755
2021-11-03,85.28145626950928,97.53769552071891
2021-11-04,85.05712449186925,97.16015398853453
2021-11-05,82.571054589021,94.3670424999388
2021-11-08,83.77256422052818,95.23858692556568
2021-11-09,84.35927107930543,95.98558373329476
2021-11-10,86.29412969591046,98.60443417561349
2021-11-11,87.35495521036385,99.49025842978931
2021-11-12,88.39690662892029,100.55045458350119
2021-11-15,90.69761425386353,103.46760049330875
2021-11-16,90.12799317445234,103.44569205284263
2021-11-17,88.61994987000223,101.63446266756611
2021-11-18,88.40213530571552,101.15775526811757
2021-11-19,87.59425409880197,100.11508993255407
2021-11-22,87.35470161883043,100.40771493009093
2021-11-23,86.33562401723545,98.86406564026122
2021-11-24,86.90845036374607,99.40134105752102
2021-11-25,87.43063693315703,99.71183455169677
2021-11-26,87.41914371098756,99.59588441770475
2021-11-29,87.7437913465293,100.09230938152375
2021-11-30,87.61780332829446,100.45806286040249
2021-12-01,88.38349830243209,100.3146091869957
2021-12-02,88.46869342588762,100.69458779302336
2021-12-03,88.21814627077897,99.94813626569291
2021-12-06,89.16842423634183,101.38500482693348
2021-12-07,90.46808779373403,103.56441859045472
2021-12-08,91.86648545255458,105.74029328703931
2021-12-09,90.85650809488482,104.60729984791504
2021-12-10,90.32327468733669,104.38466922583683
2021-12-13,88.61275713491284,101.86035619473287
2021-12-14,88.38873854023488,101.5576188382203
2021-12-15,88.82221427973246,102.83752527395787
2021-12-16,88.70398058617091,102.30101707679584
2021-12-17,90.68322283024874,104.77474235220893
2021-12-20,90.28256326213832,104.10936318433752
2021-12-21,89.19059765298783,102.70145021825066
2021-12-22,89.7830018003831,103.61537079269824
2021-12-23,89.9514038429841,103.68269379121273
2021-12-24,90.52949760145299,104.37470172810632
2021-12-27,90.85766660832284,104.51621290154392
2021-12-28,91.12498559648255,103.92448152475009
2021-12-29,88.97373683321858,101.43953007294772
2021-12-30,88.25953054032117,100.80221753979643
2021-12-31,87.6859638195762,100.80502420700451
2022-01-03,87.3558585091385,100.34296510291075
2022-01-04,86.92795133179855,99.13212222439813
2022-01-05,87.35098947636362,99.26276390083959
2022-01-06,87.9634635191848,100.26792892489462
2022-01-07,86.85705735497984,98.89797677253213
2022-01-10,87.55132457784059,99.87074288204441
2022-01-11,88.15009476655025,100.41272703925215
2022-01-12,88.63228037319328,101.92625422426437
2022-01-13,87.23385725142751,101.11214048378619
2022-01-14,87.68598408551415,101.18889487196351
2022-01-17,87.78340060263862,101.76031018906829
2022-01-18,88.76048737971838,103.0848455164714
2022-01-19,90.59038692426711,105.28750473257472
2022-01-20,92.25245634378427,106.85214404132323
2022-01-21,92.38641869081302,107.82366417448154
2022-01-24,92.40051354666149,108.42320717208257
2022-01-25,93.08117538352198,108.5114513500056
2022-01-26,91.92770113717724,107.81902790852156
2022-01-27,90.44365134788639,106.01897902619635
2022-01-28,89.97598811266283,105.15888785690666
2022-01-31,91.2457664297662,106.19433295514183
2022-02-01,90.91961492304591,106.27536130300784
2022-02-02,92.4980200262318,108.36939518754866
2022-02-03,89.63508528667751,104.49680033994932
2022-02-04,88.05163471244902,102.19111075670966
2022-02-07,87.94351308570006,101.86760325280412
2022-02-08,88.84912447609835,102.69808389846187
2022-02-09,88.79444203882247,102.89635512980712
2022-02-10,88.71360570921686,102.98872003082231
2022-02-11,88.6066276027496,102.54252135163134
2022-02-14,86.86811826968088,99.62755543956142
2022-02-15,88.0316283404318,100.35676789103763
2022-02-16,87.36791833428511,99.99534363807685
2022-02-17,88.46934402297197,100.81964922773058
2022-02-18,88.41399272956271,100.80879527507476
2022-02-21,89.50691239602526,101.23872010792878
2022-02-22,89.87158741332738,101.87486004652283
2022-02-23,89.77854971419526,102.7229780103498
2022-02-24,90.02482403409822,102.3544735787323
2022-02-25,88.54910600555431,100.85846057903697
2022-02-28,88.57055304130579,101.02042798849604
2022-03-01,90.32653957455061,103.5865538014669
2022-03-02,91.6923225292076,105.15987318738746
2022-03-03,90.68965959208015,104.09309013386715
2022-03-04,91.22701698058037,104.82890606414216
2022-03-07,91.49979475368711,105.44266080135563
2022-03-08,92.36762909560028,106.06450565913961
2022-03-09,92.48236574037561,106.29841401356225
2022-03-10,92.25385851917943,106.4293681468691
2022-03-11,93.67261211050699,108.71586775217447
2022-03-14,93.91906202858117,109.25947211162533
2022-03-15,95.28218011829557,110.32923555230197
2022-03-16,96.35748877283503,110.84281684998928
2022-03-17,96.02029607456947,110.64249839249091
2022-03-18,95.85530271026629,109.93868447874064
2022-03-21,97.99298000081157,112.92606453043791
2022-03-22,98.22304465695142,113.05824993602518
2022-03-23,97.39867727593654,112.5748170505038
2022-03-24,96.09903055002043,112.07814929170888
2022-03-25,97.18327814255416,113.34808506515358
2022-03-28,97.37699877712356,113.52254963340238
2022-03-29,96.52310035344942,113.0046179995948
2022-03-30,97.28115043150221,114.446230607153
2022-03-31,97.47446376469688,115.52901069104296
2022-04-01,95.67300943093561,113.46555030018753
2022-04-04,96.33051104004234,113.93811875194444
2022-04-05,97.81479786611041,115.72311977185322
2022-04-06,100.71307736043373,118.88924056848133
2022-04-07,100.7704565852473,119.07800048997197
2022-04-08,101.05420256328755,118.98437581968678
2022-04-11,102.9298755951669,121.68618668610114
2022-04-12,103.14490839309687,122.29297112091108
2022-04-13,103.48542379578336,122.77110625609369
2022-04-14,102.76594655815978,121.92052184432337
2022-04-15,101.17150245112883,119.90896745679566
2022-04-18,102.24172257448521,121.84935920658413
2022-04-19,100.79338406940803,120.70506174183633
2022-04-20,102.1232436353801,122.37375164829172
2022-04-21,101.23223228352023,120.87621308750686
2022-04-22,101.55479315783171,120.67486197708583
2022-04-25,101.14459551159052,120.32643515811527
2022-04-26,102.51853956976097,121.65613705921162
2022-04-27,102.88673707711138,122.33594100422016
2022-04-28,105.21612899053947,124.93786353164899
2022-04-29,103.94923610360406,123.8044692469458
2022-05-02,104.45634588047483,124.51670860143017
2022-05-03,104.5306006109014,125.10484080891793
2022-05-04,104.88116303662314,124.40856309363686
2022-05-05,106.81493774460289,126.61556762030013
2022-05-06,107.54490436965145,128.5999216369918
2022-05-09,106.17307757562968,125.70214897829722
2022-05-10,106.83587981511997,126.91883777432815
2022-05-11,106.35206433252027,126.54726106559299
2022-05-12,105.80115337929665,126.52901844889927
2022-05-13,107.08191880053005,127.97914105661654
2022-05-16,106.37153935967095,127.72186294711204
2022-05-17,105.93292663487541,127.80398057942679
2022-05-18,105.99028081496952,127.97119564189045
2022-05-19,107.1521673131039,128.78345350046695
2022-05-20,107.879877920349,130.11320849620202
2022-05-23,107.61221471174942,129.30529414823994
2022-05-24,107.29926282635198,128.8610636004808
2022-05-25,105.91543101191326,127.67391954523559
2022-05-26,105.0250658974131,127.15151526108076
2022-05-27,104.26678656855914,126.06760057985352
2022-05-30,104.10852652390538,126.19117999445591
2022-05-31,106.4989860205841,128.28846308352763
2022-06-01,105.7047859254084,127.09923251868209
2022-06-02,105.36911782677592,127.430890248285
2022-06-03,102.96317422523202,125.21545195035537
2022-06-06,103.68474922724558,126.41594887097952
2022-06-07,101.86437377390358,124.16058108406487
2022-06-08,100.84012180285092,123.35510887712475
2022-06-09,102.05675620061916,124.80345605842776
2022-06-10,99.66706251704525,122.01993794188577
2022-06-13,99.79286634215225,122.21509398621721
2022-06-14,100.72078658269766,122.9408381218408
2022-06-15,102.495912592316,125.43395173904251
2022-06-16,101.44977566194629,123.6436137923113
2022-06-17,100.75198347872725,123.19418559954333
2022-06-20,102.85251634995727,125.23452380973339
2022-06-21,102.84116763225357,124.85986749054022
2022-06-22,102.00390505784334,122.43472872334631
2022-06-23,101.19500341494665,121.38600502599944
2022-06-24,100.10257794030024,120.1696889438884
2022-06-27,99.62208081604771,120.00662864881211
2022-06-28,100.87649076807024,122.16735859608848
2022-06-29,101.91478627090527,122.66820648557581
2022-06-30,100.58426875579798,121.563999210987
2022-07-01,100.84683272880766,121.64705885179853
2022-07-04,100.40546167163834,121.08138353409154
2022-07-05,101.31783476795087,122.12359707188037
2022-07-06,101.15594252713827,121.7045690474954
2022-07-07,101.60063803322753,121.79324812636104
2022-07-08,101.43571118821535,121.73494426995343
2022-07-11,98.96831976874019,119.17964708891131
2022-07-12,99.03829205104006,118.63372797129115
2022-07-13,97.6373513338943,116.94286973252957
2022-07-14,98.48512954723743,117.64569746119798
2022-07-15,97.74586082900942,117.30653588823365
2022-07-18,97.09447410338636,116.77166159095833
2022-07-19,97.10154875934995,117.53450373532732
2022-07-20,97.75679421288001,117.54641577883882
2022-07-21,97.58578116378887,117.85829842011003
2022-07-22,99.43719212359754,120.16132427712473
2022-07-25,101.33135167014085,122.07172900807906
2022-07-26,103.33966195443472,124.72630309601105
2022-07-27,103.0833760075782,125.20177659619699
2022-07-28,101.38327296984191,123.9639600132499
2022-07-29,102.81346389678154,126.09129822770576
2022-08-01,102.34702184559461,125.03576542337102
2022-08-02,102.40912180457764,125.26521710086192
2022-08-03,103.159267315738,126.33660300229434
2022-08-04,101.31710879539251,124.74702108920157
2022-08-05,103.22402197193017,126.95287931153682
2022-08-08,104.27134071199814,128.21744769112632
2022-08-09,104.70687092551749,128.413329600884
2022-08-10,105.78837079752705,130.045173107614
2022-08-11,106.47706972805786,130.76390657967406
2022-08-12,106.63674691292515,131.04850849589258
2022-08-15,106.28372262161265,130.39010433987565
2022-08-16,105.4149925969933,129.37124811719863
2022-08-17,105.77724113071272,129.26573985517345
2022-08-18,106.22981904310032,129.88927793345127
2022-08-19,107.56130679824942,131.18577562751636
2022-08-22,107.82505589993721,131.85193882675586
2022-08-23,106.80550548165495,131.5522050340694
2022-08-24,104.93178618402601,129.7265924979754
2022-08-25,104.79833393705617,129.00648854469478
2022-08-26,104.78392104898018,128.80954472105435
2022-08-29,104.68563328289633,127.88675185969501
2022-08-30,102.90243589781716,125.75370002854596
2022-08-31,104.18190044401707,126.40194570929224
2022-09-01,105.47507844123247,127.35307065309848
2022-09-02,104.51319537115134,126.74693936417064
2022-09-05,105.49105077845175,128.3508842801543
2022-09-06,106.65550046804798,128.9880403456865
2022-09-07,106.7205543864796,128.8423849658819
2022-09-08,105.59728101234367,127.726200544381
2022-09-09,107.56555326466798,130.28437387617552
2022-09-12,108.04993832157375,130.05205234585824
2022-09-13,107.76154015552841,129.83597938768577
2022-09-14,108.72892706366417,130.6929173620364
2022-09-15,110.76665727176488,133.7375275642302
2022-09-16,110.16313859051816,132.9132152604086
2022-09-19,111.04951128508111,134.1565062290953
2022-09-20,113.54319353388162,137.09436462391534
2022-09-21,112.13421237413115,135.73680946237388
2022-09-22,111.45738693253418,134.54058422195266
2022-09-23,110.72361131501467,133.99418012826874
2022-09-26,110.54422382673394,134.38339655233554
2022-09-27,110.30051415482302,135.00872526999584
2022-09-28,110.69659682117657,136.27591927509866
2022-09-29,109.69071484683275,134.80079998904415
2022-09-30,108.9379214033166,134.1860227185591
2022-10-03,109.32972477560061,135.05993538412574
2022-10-04,109.54097267802342,135.60845529470777
2022-10-05,110.65127640342519,137.3175589988838
2022-10-06,111.18539810018349,138.17047684179028
2022-10-07,112.18225089126457,139.09407248720362
2022-10-10,110.75701418734593,137.48734371921648
2022-10-11,110.29570846324918,137.35717020095032
2022-10-12,112.65133140826586,140.4147204315857
2022-10-13,113.17293447991837,140.4924673649804
2022-10-14,114.15594949714094,141.23327624727253
2022-10-17,114.52943021012685,141.4768322944846
2022-10-18,115.10312747712432,142.06286226410938
2022-10-19,114.82211341061237,141.80428199849698
2022-10-20,119.58839464839033,147.03527223217841
2022-10-21,119.0731042219565,146.81440163751097
2022-10-24,119.04206445236036,145.84837175186058
2022-10-25,115.83371409141101,142.26270216185668
2022-10-26,117.3162591581453,144.29502295574784
2022-10-27,116.60418992804358,143.76258920669238
2022-10-28,116.5440923640694,142.15697831346102
2022-10-31,115.86851642029872,140.67164943872814
2022-11-01,115.70656357319929,140.30095801350532
2022-11-02,115.35428274735627,139.96236204139615
2022-11-03,115.31803970390126,139.87817468820748
2022-11-04,115.26905112979375,139.41251509929316
2022-11-07,115.08767814310413,139.8363895086504
2022-11-08,114.88877853509571,139.75972472883498
2022-11-09,116.62638460114592,141.64747454868365
2022-11-10,117.81830731867684,142.58399604455127
2022-11-11,119.03054357657234,144.0727861989845
2022-11-14,118.06658544520603,143.5453866617289
2022-11-15,119.78201712899843,145.6214945959918
2022-11-16,121.35001055070956,147.48706298545943
2022-11-17,120.611883192807,146.6344513532988
2022-11-18,122.7353585123491,149.24292967059225
2022-11-21,121.80936445137014,148.0151435101003
2022-11-22,119.31229316042928,144.53223045833718
2022-11-23,120.83286479723753,147.12142357706566
2022-11-24,120.69019640952136,147.2689678129361
2022-11-25,122.05575650580917,149.96620662673098
2022-11-28,121.03744030038158,148.99300515120166
2022-11-29,119.33881161921396,146.83900476204877
2022-11-30,121.03848183968861,148.40569068620323
2022-12-01,119.14311417720671,145.96625160513776
2022-12-02,117.07313183505252,142.90580131867821
2022-12-05,114.5645597195116,140.94443511807972
2022-12-06,111.01063155248691,136.67120546290127
2022-12-07,109.72941259277671,135.52677101529878
2022-12-08,107.08174183980897,132.8305504396461
2022-12-09,107.05712457256294,133.341467285183
2022-12-12,104.3945829737811,131.42035225846266
2022-12-13,103.12519155082181,129.84937660264336
2022-12-14,105.90692148320964,133.09652148941035
2022-12-15,106.34066480163489,133.69925361750904
2022-12-16,106.42285211035134,134.17214915234885
2022-12-19,104.50307938816445,131.95786044038294
2022-12-20,104.23057710237866,131.49643206376598
2022-12-21,104.30557810281356,131.22846456657035
2022-12-22,102.44208474621588,128.60509779669127
2022-12-23,102.60659156899206,128.93724232570287
2022-12-26,104.02001077644209,130.13390624967536
2022-12-27,103.62806860160023,128.7565593405827
2022-12-28,103.41454142260301,128.55794649066266
2022-12-29,101.06503268034157,126.31985095876732
2022-12-30,99.4914973087172,124.76251398813548
2023-01-02,100.70939889820767,126.21505197523304
2023-01-03,99.97415087069051,125.53425525840554
2023-01-04,98.94296091935364,123.47326946532071
2023-01-05,98.18605379714143,122.22016083643736
2023-01-06,98.13915218649413,123.0029132583065
2023-01-09,96.87534021391507,122.07839826500961
2023-01-10,97.03127715362241,121.90973625714021
2023-01-11,95.5630408563507,121.02500882962129
2023-01-12,96.42218287898791,121.69703381087915
2023-01-13,95.28993694340487,119.92674266894372
2023-01-16,96.74401376173702,122.43959363502599
2023-01-17,96.74982340785354,123.10043523705568
2023-01-18,95.84320832655928,121.718217388201
2023-01-19,96.85571637270142,122.90868263127958
2023-01-20,95.37446602771917,120.96033222655501
2023-01-23,94.80115181223626,120.52442444552776
2023-01-24,94.81754938637582,121.32779749372884
2023-01-25,94.70382777190936,121.45740882755057
2023-01-26,92.58739510731884,118.86073742424746
2023-01-27,91.64181557269453,117.0528919780764
2023-01-30,91.83275819548861,117.67100469138849
2023-01-31,90.4843333038153,115.44142124690596
2023-02-01,91.80901459915141,116.93747226706148
2023-02-02,92.34200444690558,118.05617790628261
2023-02-03,91.82108870165588,117.83669174205713
2023-02-06,91.60793764326729,118.00026710965321
2023-02-07,93.57842792504859,120.71431606538195
2023-02-08,94.59331494391012,122.00511021870767
2023-02-09,95.01852726151607,122.66644231204569
2023-02-10,93.52186242896683,120.91647964534681
2023-02-13,95.28258895538532,123.27064019316026
2023-02-14,96.4431786594556,124.93096605854706
2023-02-15,96.29776052485474,124.82312854312366
2023-02-16,95.71603914933718,124.38196995373463
2023-02-17,95.52892314209963,123.8150202308698
2023-02-20,94.25220208564372,122.12947662424827
2023-02-21,93.76670104140383,121.66212465167224
2023-02-22,94.59806580347517,123.62151885744163
2023-02-23,92.69498210360109,121.60231383965754
2023-02-24,92.38151287141854,121.1587827876734
2023-02-27,92.51682894348197,121.21105014324887
2023-02-28,92.6416406089871,121.73290689622851
2023-03-01,91.4273478360095,120.22712490898412
2023-03-02,90.22568114019893,119.10381536678423
2023-03-03,91.36275345479432,120.7241041723453
2023-03-06,90.11862325912571,118.60810895394295
2023-03-07,91.17107393760278,120.10744227947627
2023-03-08,90.68953553548558,119.762408103941
2023-03-09,91.82269830364167,121.52053735978106
2023-03-10,91.40121333160586,120.59621369942211
2023-03-13,90.21593020797015,119.72092900112526
2023-03-14,91.11224882886279,120.7131126005513
2023-03-15,91.11011788401223,121.70469263341468
2023-03-16,92.63508760329599,124.41087277383423
2023-03-17,93.59326195740495,125.25665190290906
2023-03-20,93.36632641455263,124.29971995403777
2023-03-21,92.9076331351046,124.09790924098806
2023-03-22,92.94841245862918,123.73685991241358
2023-03-23,93.16528957786029,124.57086621702985
2023-03-24,92.25448908523202,123.74283656467946
2023-03-27,93.15562212558036,124.09739171752369
2023-03-28,92.75295695374646,124.00522563341976
2023-03-29,92.32516128310014,123.56049628792455
2023-03-30,91.7768133367351,123.10853456425025
2023-03-31,92.03353180702625,124.17862002849901
2023-04-03,91.33003075265799,123.26945768222605
2023-04-04,91.48581053561166,123.83540428746203
2023-04-05,94.41764979288419,127.05441706101797
2023-04-06,94.37667532541776,126.7183452359182
2023-04-07,93.92969881916812,126.07289967158206
2023-04-10,92.18621511285195,123.67052852279512
2023-04-11,92.25476007346101,124.03671322469526
2023-04-12,91.11752840527872,122.01031708997587
2023-04-13,90.74610706653466,121.97938505564245
2023-04-14,90.91804105450699,121.80494154756342
2023-04-17,89.166435666232,119.89186736354156
2023-04-18,89.34130798221545,119.50799751198562
2023-04-19,89.6659092053523,120.13638516662907
2023-04-20,88.3721364241963,119.12586157721366
2023-04-21,87.99519076162318,118.6784123685969
2023-04-24,86.20241268537377,117.30141979648658
2023-04-25,87.77146761579677,119.11433203702332
2023-04-26,88.11638719351016,119.73391940621934
2023-04-27,87.95242028784884,119.07442563287695
2023-04-28,87.80483883227296,119.11654333759813
2023-05-01,88.95403585367335,120.21151011692271
2023-05-02,88.87455292852019,119.75593494994408
2023-05-03,89.22406381309219,120.96539981539094
2023-05-04,90.7895532850189,122.20887675411608
2023-05-05,90.4496072880848,121.7435573292059
2023-05-08,89.35144015086374,120.78215189657996
2023-05-09,88.53537691809976,119.9199114703713
2023-05-10,89.99692886713811,120.75011031276378
2023-05-11,90.1059369325663,121.182874626114
2023-05-12,89.60973496582585,119.89793278682181
2023-05-15,90.62026489019102,120.88894272173722
2023-05-16,91.66745830052906,122.0234534878757
2023-05-17,91.19024382479864,119.99078145684192
2023-05-18,90.20645587885821,118.75728563929525
2023-05-19,88.6296708080363,117.19808225288959
2023-05-22,86.86018071365267,114.98965192661235
2023-05-23,86.61463989672062,114.7874678529942
2023-05-24,85.7567476432383,114.88889057570833
2023-05-25,87.5983096232704,117.66148506825603
2023-05-26,87.67170965966153,117.77925802078133
2023-05-29,85.77702271936005,116.79913810670105
2023-05-30,87.18321793924405,118.16838685836228
2023-05-31,87.3584081101421,118.63845361747032
2023-06-01,88.07483185424775,118.70985015894365
2023-06-02,88.77403175855227,119.74805404662119
2023-06-05,89.08853201118258,120.0697491950714
2023-06-06,89.63434615679616,120.75512280321706
2023-06-07,89.89296414059937,121.25070508127024
2023-06-08,88.78771073412251,120.06440295099416
2023-06-09,89.17318783315851,119.99066184876253
2023-06-12,90.23020303819261,121.06740752650644
2023-06-13,90.03119396753671,120.83162699871019
2023-06-14,90.61150565869794,120.81341322258614
2023-06-15,91.0594602282216,121.75224343126617
2023-06-16,92.96974066618677,124.98602111169942
2023-06-19,92.71979253872566,124.83785512603481
2023-06-20,92.42936720681118,124.22548814517737
2023-06-21,92.32294325676676,122.9468171745649
2023-06-22,92.23184737584127,122.07704798929835
2023-06-23,89.90110510488323,119.4497716961564
2023-06-26,89.26393409836244,119.31638475673022
2023-06-27,89.58355089651094,119.5898827299948
2023-06-28,89.59073483998333,118.85488282829189
2023-06-29,88.79781681587056,117.46786857729501
2023-06-30,88.14630454539876,116.39993947894034
2023-07-03,87.80685047987991,115.02632091849308
2023-07-04,87.02751744698398,113.93583816127796
2023-07-05,86.53774901636677,113.79430942371437
2023-07-06,86.02504063194405,112.33816840454863
2023-07-07,86.91796863829904,113.12986198577428
2023-07-10,87.94075840809109,113.3450575717926
2023-07-11,88.89208068021989,114.077069626704
2023-07-12,89.33873982879541,114.539038590479
2023-07-13,88.63948367098864,114.21053430736562
2023-07-14,89.62503252320892,115.62104724682092
2023-07-17,89.32176655562752,114.6654042350172
2023-07-18,89.36064757996701,114.75905211898467
2023-07-19,90.74271601883697,116.25056753996053
2023-07-20,90.84496794134188,116.36683478294249
2023-07-21,91.11588442035627,116.59218714393492
2023-07-24,89.68347684191058,115.02998408367465
2023-07-25,90.19576937856034,115.73529144596475
2023-07-26,89.21454634756391,114.99104054966432
2023-07-27,90.25980451771696,116.3036462971829
2023-07-28,90.08673065418974,116.94092301625054
2023-07-31,87.84649518723373,114.512253547845
2023-08-01,87.50580740972012,114.84258338213235
2023-08-02,87.29501004087142,114.94975155106226
2023-08-03,87.79213197831561,115.20990500791434
2023-08-04,88.47752712857702,116.65383813676925
2023-08-07,88.1646334530617,116.87045429032479
2023-08-08,89.19852973593666,116.67510052514193
2023-08-09,86.06710943776866,112.64317349475456
2023-08-10,85.38797385489497,112.54959034880153
2023-08-11,84.33239333467849,111.81008774412946
2023-08-14,83.15603303107247,109.6682466252428
2023-08-15,84.08049517756481,111.20698210865291
2023-08-16,84.88949348617903,113.04139752961474
2023-08-17,84.16067238642518,112.47016142142951
2023-08-18,85.3072511669902,113.10812787030025
2023-08-21,85.42030146740285,112.85188056372331
2023-08-22,85.02762093658231,112.58091611422603
2023-08-23,84.37684025940388,111.69221182001434
2023-08-24,83.65004765032688,111.458892027225
2023-08-25,84.1142984350464,112.38161733671328
2023-08-28,84.75141503934157,114.12774610013777
2023-08-29,84.99569446238469,114.93118986382183
2023-08-30,83.0570007430411,112.88102607425968
2023-08-31,83.35106018978772,113.07673025093915
2023-09-01,83.90172158954279,114.43975481212422
2023-09-04,83.28195208119715,113.69878057392893
2023-09-05,83.33728837695482,113.25223409468504
2023-09-06,81.60866431850233,111.20197063629087
2023-09-07,80.4923950058285,109.81651967191685
2023-09-08,80.21094960006747,108.98201509014956
2023-09-11,79.94361677811295,109.07513494354349
2023-09-12,80.2769936318593,109.40497305266224
2023-09-13,79.21759358474579,108.33148730753038
2023-09-14,78.92541651515121,107.59042052090032
2023-09-15,78.50195591636003,106.99993220475562
2023-09-18,78.98709037586804,107.96925663735907
2023-09-19,80.28408010810826,109.40223016505759
2023-09-20,81.88031090628974,111.13503633792405
2023-09-21,80.4509698704774,110.51198394617049
2023-09-22,80.42115863764975,110.63430792956143
2023-09-25,79.42683008682691,109.80776693251678
2023-09-26,79.3823373795039,110.12749464975613
2023-09-27,79.7777908660082,110.65052065189424
2023-09-28,79.86542136805164,111.01948956802167
2023-09-29,79.83492411981166,110.49638696937608
2023-10-02,81.20289891521035,112.86206099980194
2023-10-03,81.88370494516786,114.30250311633974
2023-10-04,81.64513277270166,114.11132379381614
2023-10-05,81.6817458035091,114.15843736862692
2023-10-06,82.50669237649413,114.52856172098568
2023-10-09,83.09359255943303,115.74749742635716
2023-10-10,82.7084268345016,115.15778015517125
2023-10-11,81.07429374649384,113.50170390370832
2023-10-12,80.006429261817,111.49992952507989
2023-10-13,80.15289959982603,111.99142123887194
2023-10-16,78.5592058121219,109.99136316630941
2023-10-17,78.43720536519808,109.85091656594317
2023-10-18,78.04840346780276,108.67544840605915
2023-10-19,78.95147812350748,110.09867014133148
2023-10-20,77.7938251785508,108.40322393132486
2023-10-23,76.1215700614417,106.37301216355058
2023-10-24,75.77339178196165,106.35728872887991
2023-10-25,76.33400744629661,106.98719309910575
2023-10-26,77.2791423685573,109.11447648693515
2023-10-27,76.4997216644694,107.72977010941426
2023-10-30,76.92209847869958,108.3568651605673
2023-10-31,75.97197896581534,107.42338332684588
2023-11-01,75.34273311281945,106.15880191309238
2023-11-02,75.84237758155993,106.80207977938954
2023-11-03,76.47577918103487,107.46472082021566
2023-11-06,75.62719764251207,106.55933018696135
2023-11-07,76.0487533464355,107.29202102137978
2023-11-08,74.46741440205851,106.09353970410764
2023-11-09,74.30940407103841,106.04801422149923
2023-11-10,73.37256988140925,105.1973477596558
2023-11-13,72.71629635034988,105.1594775058358
2023-11-14,71.68417204334881,103.12879646900566
2023-11-15,72.14812616396614,103.55494300331208
2023-11-16,72.61528734706681,104.13462235480361
2023-11-17,72.06091495342083,102.69159531211953
2023-11-20,72.38103480897259,103.1140793740226
2023-11-21,72.60840429238279,102.2090197977478
2023-11-22,72.51532945499679,102.45009885520999
2023-11-23,74.32468566336061,103.882183587367
2023-11-24,73.63218908914482,102.4255952282196
2023-11-27,73.65693469317253,102.71746212966589
2023-11-28,73.35100779627946,101.51656317960385
2023-11-29,73.05513751368355,102.18840897777066
2023-11-30,73.20003039508009,102.42058181830282
2023-12-01,72.9687678737487,102.09452025208572
2023-12-04,72.27288320228618,101.86105507236235
2023-12-05,72.38733957249805,101.95854829707247
2023-12-06,73.37707862773753,103.26655075877518
2023-12-07,74.17857649771697,104.15039811238859
2023-12-08,74.36247896579032,104.12017252259876
2023-12-11,73.75779563078227,103.58014627313386
2023-12-12,73.92672615835087,104.04537693327973
2023-12-13,74.85455177555114,104.52219855128219
2023-12-14,75.88564584076667,105.3189249421277
2023-12-15,76.20901970961206,105.37726605849417
2023-12-18,75.90800995136802,105.00126024105376
2023-12-19,75.7468622607004,104.98071332099373
2023-12-20,76.42615715505691,106.87391001664423
2023-12-21,77.03664770140868,107.7440187478824
2023-12-22,75.52959922169752,105.84838873152887
2023-12-25,76.10899463662373,106.18622284213492
2023-12-26,76.73865163082414,107.43445251802999
2023-12-27,75.98375127299984,106.522620853029
2023-12-28,75.34060687479568,105.92172485926002
2023-12-29,74.70952791161871,105.16409052114392
2024-01-01,74.14836269803924,104.76598093612279
2024-01-02,72.9794114609184,103.60258945442378
2024-01-03,73.25168894461044,104.11624378739072
2024-01-04,72.6145920359206,103.35364404010917
2024-01-05,72.56927520443777,103.34597823840329
2024-01-08,72.17354280087027,103.06225913361862
2024-01-09,72.39525699931814,102.36621807929495
2024-01-10,71.58283249875377,101.37427236420834
2024-01-11,71.79466237542826,102.1188629527497
2024-01-12,72.12521054037082,102.27536349501025
2024-01-15,72.81787741839611,102.06150424926409
2024-01-16,74.47382398351675,103.35612259921352
2024-01-17,72.74057271281058,101.31381984286185
2024-01-18,73.01793863105898,101.28627916064983
2024-01-19,72.44573539963366,100.66659775513244
2024-01-22,70.89383670022293,98.79508823211346
2024-01-23,71.58607014978936,99.39119132114388
2024-01-24,72.68827122684091,100.25633370246065
2024-01-25,72.37878337088722,99.98269175270704
2024-01-26,72.56470050203899,100.24025815780652
2024-01-29,72.52460127201225,100.13019433329313
2024-01-30,72.8952136513936,101.01113640707925
2024-01-31,73.63946762653852,102.00490839636556
2024-02-01,73.94090242081901,102.06861438151579
2024-02-02,74.24427202069813,102.25336092633393
2024-02-05,75.32548392466605,103.51984973680581
2024-02-06,75.19804437064099,103.42851765856241
2024-02-07,76.00245199509341,105.0620143932833
2024-02-08,75.3104424910914,105.0756416089267
2024-02-09,76.70870865118206,106.51908834500608
2024-02-12,77.36660339188431,106.79885846791248
2024-02-13,77.02659974989008,106.11941334093898
2024-02-14,75.2147910220616,104.15530599890371
2024-02-15,75.22760016281777,104.58707014190571
2024-02-16,74.23914245836046,103.19686346811042
2024-02-19,74.50475017145767,103.05850443313459
2024-02-20,75.75401159583711,104.74879872730604
2024-02-21,75.90481478779651,105.2415590187916
2024-02-22,75.76492498857894,105.59101311230384
2024-02-23,76.07270354571509,105.64148877581046
2024-02-26,76.33276633342288,106.11799535866822
2024-02-27,74.32770302088468,102.89606959839409
2024-02-28,74.5439968322301,103.10277364293222
2024-02-29,75.08318304693496,104.10905435377651
2024-03-01,74.87572640991287,104.60196673518283
2024-03-04,75.72432056974604,105.77136120391862
2024-03-05,75.62791797956893,105.53480302437711
2024-03-06,76.30177935091017,105.64045620296683
2024-03-07,78.30759971418432,108.1616261890281
2024-03-08,78.23565532395459,108.39117238028476
2024-03-11,76.54490750256133,106.86910787461636
2024-03-12,76.26657835413437,106.65671875183142
2024-03-13,74.8015696385354,104.42097260969209
2024-03-14,75.33489679050537,105.33771711265176
2024-03-15,76.47500216106593,107.55078332200273
2024-03-18,77.09421624730865,108.16264093848366
2024-03-19,77.38817760259228,108.11417153102605
2024-03-20,76.83767401767355,107.2887288238798
2024-03-21,78.2364041373034,108.96061564537446
2024-03-22,78.92122666660174,109.52066191646657
2024-03-25,79.18996730112976,110.19631709814249
2024-03-26,79.38792848535634,110.6492356101651
2024-03-27,79.50229326164153,110.61931068592563
2024-03-28,79.92489083463904,111.11651515209711
2024-03-29,79.38477999043954,109.69884921411861
2024-04-01,80.78369739448247,111.53817723672482
2024-04-02,80.93742782906315,111.0257504365341
2024-04-03,81.50416699024967,111.56717165191293
2024-04-04,81.11855822705196,110.87376890421051
2024-04-05,81.47830206362063,111.53875100841758
2024-04-08,79.41108129114726,108.83601505150804
2024-04-09,78.42411062123816,107.62817127384216
2024-04-10,78.40980876734639,108.358605066072
2024-04-11,77.25621806732525,106.18958020616004
2024-04-12,79.43678676777219,108.86281346005337
2024-04-15,77.96196781461414,107.52513535170924
2024-04-16,78.28195142598683,107.59524058730607
2024-04-17,79.77942055030154,109.40266476861534
2024-04-18,80.22993304068717,109.26261532767762
2024-04-19,79.9621049949423,108.13683210459882
2024-04-22,79.47686070495213,107.91559346771284
2024-04-23,80.09982971630197,108.49958448125548
2024-04-24,79.39007187840697,106.99153265243001
2024-04-25,79.29636472291828,106.64239459107706
2024-04-26,79.93418036013563,107.70999055551543
2024-04-29,79.66946116535823,107.66794338038935
2024-04-30,79.76241629835337,108.3033566260633
2024-05-01,79.50168487821685,107.7384804960366
2024-05-02,78.64590430469615,106.39782552027117
2024-05-03,79.72737973974182,107.8610367404368
2024-05-06,81.01082257247724,109.90121592055318
2024-05-07,80.73446238806221,109.38230441841208
2024-05-08,80.50569975110209,109.58688482420902
2024-05-09,80.35743390183032,109.24223089496172
2024-05-10,80.8639304638893,110.86875274062018
2024-05-13,80.0520093796551,109.03461048762811
2024-05-14,79.98559593056774,109.72233178716291
2024-05-15,80.23838790523153,109.27694205591337
2024-05-16,80.83871006319889,110.6089153256386
2024-05-17,78.34310907667845,107.65709446320888
2024-05-20,78.71596441546028,107.87784941714793
2024-05-21,79.03899431249677,107.81110017412918
2024-05-22,79.96121489178456,108.45370379739427
2024-05-23,79.49930184115537,108.24028611494985
2024-05-24,79.04714735324764,107.92785533645139
2024-05-27,80.14628619942785,109.15259968567855
2024-05-28,78.75193279694902,107.46608348149725
2024-05-29,80.23411335474113,108.80905955213326
2024-05-30,82.60776691712121,111.59116010349473
2024-05-31,83.07063826952623,112.58952628223965
2024-06-03,83.8555879171966,113.07766986170743
2024-06-04,82.46547067458884,111.67009792779783
2024-06-05,81.83278109902844,110.68014700554804
2024-06-06,82.8346749727505,111.11863502088771
2024-06-07,83.18966850747893,112.0754666785023
2024-06-10,83.0331378219504,111.20065627694237
2024-06-11,83.26714688782113,111.24905328933053
2024-06-12,83.76174995126878,112.37720368320488
2024-06-13,83.49835035613242,111.66751877215319
2024-06-14,83.48545865160308,112.12332543862819
2024-06-17,83.46560170880768,111.87524632144552
2024-06-18,82.48996741050024,110.65769057434215
2024-06-19,82.80758856397162,111.98110969691044
2024-06-20,84.53319166709512,114.61972875124206
2024-06-21,86.22469936380497,116.69263070376124
2024-06-24,84.8079838243969,114.66557678268664
2024-06-25,85.37333765571299,115.35744451499457
2024-06-26,86.04471896333918,116.98790694914322
2024-06-27,85.66002015294234,117.61229383345841
2024-06-28,84.74332789322239,116.20234710477618
2024-07-01,83.49812689213222,115.43022843471367
2024-07-02,83.09259113059484,114.15467162697749
2024-07-03,83.43751946698329,114.86268883465848
2024-07-04,83.30259325303602,114.88796058829357
2024-07-05,82.74190292483122,114.7356806554057
2024-07-08,81.5923791065176,112.94004766058575
2024-07-09,81.93173679099534,113.42028545882147
2024-07-10,82.94300511380986,113.70292756933061
2024-07-11,82.09008065080789,112.36438560457464
2024-07-12,82.52288962554591,112.87525458292326
2024-07-15,80.79687332341821,110.90129156166464
2024-07-16,80.2107152750081,111.59388748675453
2024-07-17,80.89110403132213,112.15565649750638
2024-07-18,79.88622030901999,110.96022153897233
2024-07-19,79.35436996380056,109.7459998939669
2024-07-22,80.65457741804826,110.36305054006593
2024-07-23,80.00104518483806,110.0279893136677
2024-07-24,79.24391954387504,109.5721649624963
2024-07-25,79.776900969514,109.52402240335604
2024-07-26,81.57904322601459,110.84169766381244
2024-07-29,81.37178680963272,110.27504915929133
2024-07-30,82.09844437852497,111.98055113538399
2024-07-31,83.37533031982292,112.76874359033373
2024-08-01,83.6982182689135,113.49710755809008
2024-08-02,83.45694902533847,113.27329778110948
2024-08-05,82.64613970725432,112.14941787233138
2024-08-06,81.33541681709461,110.27424960316213
2024-08-07,82.38149820459579,111.65203829123364
2024-08-08,82.56505648496984,111.71691069435533
2024-08-09,83.8368709121553,113.0434278076284
2024-08-12,84.79699165021923,114.091802817894
2024-08-13,84.22047710864376,113.95579661161143
2024-08-14,83.10907212549235,112.72853134947167
2024-08-15,83.51338428541924,113.24818190364306
2024-08-16,82.93098579304447,113.24059310868056
2024-08-19,83.30043975629903,113.54986363813734
2024-08-20,82.62705375201566,113.45821921633362
2024-08-21,81.83831948008654,112.17383194206505
2024-08-22,81.72179306140535,112.29957469632735
2024-08-23,82.6063229161747,113.19945887733768
2024-08-26,82.90835751233823,113.52765225450896
2024-08-27,84.03817830583624,114.56181758882727
2024-08-28,82.88530078234648,113.03067120499293
2024-08-29,81.91199302858143,111.51240646247298
2024-08-30,81.84344404103341,111.6315735771984
2024-09-02,83.89271317208255,113.67831246035145
2024-09-03,84.55128334361407,114.7368755237676
2024-09-04,83.54937810125395,114.70812216569021
2024-09-05,83.49178714881525,113.86149237615571
2024-09-06,83.71555056382113,112.94394778534345
2024-09-09,83.19192341794862,111.82149744548043
2024-09-10,83.78700828741998,112.90724768843745
2024-09-11,83.6530459799515,112.39091291862108
2024-09-12,83.3840928840162,112.35690974734067
2024-09-13,84.5989061334526,114.28929627157288
2024-09-16,82.98911160677449,112.23200378086094
2024-09-17,82.10323146389362,111.61133173490306
2024-09-18,81.36000169308262,109.58470512326178
2024-09-19,80.59573900779027,109.08485626639857
2024-09-20,79.94639190826804,108.70529143360145
2024-09-23,80.40440113509528,109.20518607489906
2024-09-24,81.42450225972257,110.93107570577529
2024-09-25,82.28896198007493,112.68890881248795
2024-09-26,81.35725734347052,112.5372735394984
2024-09-27,81.27234884370858,113.40600798756613
2024-09-30,81.70440041749615,113.95223264076901
2024-10-01,81.94129271049366,114.16589479252897
2024-10-02,83.17797936118787,115.61086813036025
2024-10-03,82.55781871050199,113.52943020438563
2024-10-04,82.71865788871136,114.0715156087222
2024-10-07,82.36496613199864,114.82176334795088
2024-10-08,82.61414483540361,115.40369456646752
2024-10-09,81.62382392959672,113.50457005701986
2024-10-10,80.78261852479247,111.99777772253353
2024-10-11,80.1305320538823,110.74606108973308
2024-10-14,79.6338581416273,110.97857838569959
2024-10-15,81.05800143484865,112.93874724719022
2024-10-16,82.15983686100185,114.58001407553664
2024-10-17,81.9762170233307,114.53643512728885
2024-10-18,82.15139764443123,114.19091250777514
2024-10-21,80.69353512605242,111.96952213145318
2024-10-22,80.54365112903392,112.13003057742927
2024-10-23,80.70358174627597,112.36505309172719
2024-10-24,81.77304002082658,112.71935381150871
2024-10-25,82.09088867499386,113.49378569503409
2024-10-28,82.50916295806566,114.7040796808841
2024-10-29,82.80260122566206,115.05940154260111
2024-10-30,83.06998730077791,115.22228257642548
2024-10-31,81.77892109902871,114.355899313686
2024-11-01,81.40752747653546,113.81236108554832
2024-11-04,82.75725137916709,115.12511880253876
2024-11-05,83.54852137880215,115.30539101715112
2024-11-06,84.03265383425172,115.64075056252383
2024-11-07,84.1108649477219,116.66810421444488
2024-11-08,84.75687988621361,118.02522449726176
2024-11-11,83.86821453292073,117.0185084828538
2024-11-12,82.39331544596412,115.24569259974224
2024-11-13,82.05138239932488,115.33019260388417
2024-11-14,82.56773190712101,116.0009627143871
2024-11-15,82.6831170925243,115.50747256736855
2024-11-18,83.65376664426239,116.74439804234055
2024-11-19,84.00239739424194,117.25051006976868
2024-11-20,84.05972945352266,117.32576076885896
2024-11-21,85.3494226855774,119.00211761612772
2024-11-22,86.46739695644887,119.9972363479816
2024-11-25,86.38629044410983,119.9774445743526
2024-11-26,85.327379982318,117.90511270057135
2024-11-27,84.46866902365814,116.41434383807358
2024-11-28,84.32883093516881,116.12461058014449
2024-11-29,83.99341222693444,116.02337691247581
2024-12-02,85.60206762755244,117.80509769938996
2024-12-03,84.00130348164541,116.10427992050467
2024-12-04,83.95471203964433,116.5597089190774
2024-12-05,82.96023931494194,116.57645828471139
2024-12-06,83.08462501293535,116.57914923436464
2024-12-09,83.460039809797,116.70778130024442
2024-12-10,83.09218561614216,116.28565083562879
2024-12-11,83.60802973129626,117.00387677649564
2024-12-12,83.43443856892132,117.06862907293245
2024-12-13,83.27936597367237,117.28881871248481
2024-12-16,82.90009497987246,116.69249713547708
2024-12-17,83.52864869534613,117.81022888156369
2024-12-18,83.67447222734195,118.0262002098064
2024-12-19,85.19532912172029,120.46491430374942
2024-12-20,86.44610427993305,121.82643817674447
2024-12-23,87.00574676079736,122.56813695495504
2024-12-24,84.91597294882862,120.1955364657729
2024-12-25,83.51325171868992,119.07853362088403
2024-12-26,84.46710446930382,120.22110516813635
2024-12-27,84.02738331337555,119.17513783969895
2024-12-30,84.26608113148299,118.61376432203446
2024-12-31,83.68036109006712,118.42790520032543
