Date,Price,LogReturn
2019-01-02,98.74024545982549,-0.012677567239606734
2019-01-03,99.96406427037026,0.01231814535900303
2019-01-04,100.33920601553139,0.0037457419766239045
2019-01-07,98.57631004614683,-0.017725536567017103
2019-01-08,97.92851429181214,-0.006593203023622437
2019-01-09,99.92351116269109,0.020167238445165814
2019-01-10,97.08965733464106,-0.02877015092071689
2019-01-11,96.62503822138493,-0.004796951546274127
2019-01-14,98.13844026496942,0.015541235104466408
2019-01-15,97.15700252566789,-0.010050884827181222
2019-01-16,96.40245026010945,-0.007796633819464653
2019-01-17,96.32665880688002,-0.0007865076272426934
2019-01-18,98.10043362693388,0.018246675513491455
2019-01-21,97.38526957896278,-0.007316823960215812
2019-01-22,96.90171131204053,-0.004977783515752786
2019-01-23,96.43169790714032,-0.004862215307422209
2019-01-24,99.05310545244127,0.02682116099270547
2019-01-25,101.72240240441579,0.02659143306768544
2019-01-28,102.99147366659973,0.012398646774546525
2019-01-29,103.50608897562779,0.004984236790098271
2019-01-30,104.46257408906841,0.009198422910754905
2019-01-31,106.38532547266517,0.018238784337809587
2019-02-01,105.23412633149769,-0.010880006420828698
2019-02-04,106.7668613105361,0.01445994853738524
2019-02-05,105.20922883344224,-0.014696568012988149
2019-02-06,104.44368273934303,-0.007303018029440924
2019-02-07,105.62375169440263,0.011235262349603614
2019-02-08,103.86470086302973,-0.01679416840271163
2019-02-11,103.7265670959577,-0.001330824642263993
2019-02-12,102.69538872973185,-0.009991058750316226
2019-02-13,102.41669977900074,-0.002717432446367163
2019-02-14,99.06901354882524,-0.03323306926552869
2019-02-15,97.01914368112826,-0.020908397254118166
2019-02-18,96.24141647909295,-0.008048526815175008
2019-02-19,97.35259023720863,0.011479549181102989
2019-02-20,97.18396325254581,-0.0017336281934825894
2019-02-21,97.22130374004885,0.00038415099076173224
2019-02-22,98.0618629656652,0.008608672533227418
2019-02-25,97.06628524339179,-0.010204436116108623
2019-02-26,97.43131089021557,0.003753527885687492
2019-02-27,96.52801024347187,-0.00931439821678739
2019-02-28,94.58048771933308,-0.020382033929447287
2019-03-01,94.17082275192017,-0.004340797525061212
2019-03-04,94.8546828914834,0.0072356703488606925
2019-03-05,95.27420813122613,0.0044130686119976175
2019-03-06,95.29403047394261,0.00020803406625416286
2019-03-07,98.1037461191166,0.02905838319125271
2019-03-08,98.62556407143184,0.005304945923705345
2019-03-11,99.8256665963511,0.012094832071248158
2019-03-12,102.57898124997004,0.027207720061975433
2019-03-13,101.0336901195182,-0.015179023877934987
2019-03-14,99.81700586380109,-0.012115458522459443
2019-03-15,101.96331736656433,0.021274546701475168
2019-03-18,101.02685394214303,-0.009226752822892752
2019-03-19,101.09822417931191,0.0007061987636399626
2019-03-20,102.43970202111316,0.013181791633092183
2019-03-21,103.576744346674,0.01103847669551805
2019-03-22,105.81808741777749,0.021408634183773315
2019-03-25,107.77214102623812,0.01829772964440163
2019-03-26,109.20227594419751,0.013182712036468841
2019-03-27,108.23225209442155,-0.008922504570966298
2019-03-28,109.30779963482922,0.009888352013518618
2019-03-29,109.7592154901857,0.004121263934082404
2019-04-01,108.06402017853718,-0.015565185519285471
2019-04-02,109.95612465910543,0.01735758855772223
2019-04-03,111.06529347786322,0.010036838414942798
2019-04-04,111.16483934441361,0.0008958809675731658
2019-04-05,110.89313991410872,-0.002447104731812962
2019-04-08,109.34821468774574,-0.014029613736409444
2019-04-09,109.64870991191951,0.002744288882703591
2019-04-10,110.30541061897326,0.0059712694333477305
2019-04-11,109.24893863400304,-0.009623859810919351
2019-04-12,110.82202847426463,0.014296448589194353
2019-04-15,109.41074808803211,-0.012816436557796412
2019-04-16,106.69581407371152,-0.0251272042005093
2019-04-17,108.07318665460002,0.012826725090712407
2019-04-18,107.58898357694886,-0.004490392457225291
2019-04-19,107.46399963331659,-0.0011623550237561816
2019-04-22,106.42661681667155,-0.009700200673900641
2019-04-23,104.43179203987698,-0.018921553128608833
2019-04-24,106.05385159723977,0.015412848496690622
2019-04-25,105.21759837395557,-0.007916427806163058
2019-04-26,107.37334867001735,0.020281429857775275
2019-04-29,108.45655730820533,0.010037698234528743
2019-04-30,108.08550226765026,-0.0034270977606095194
2019-05-01,106.72354215827417,-0.012680828813522399
2019-05-02,105.82663421593395,-0.008439543840645485
2019-05-03,104.33448616762642,-0.014200277573142036
2019-05-06,107.01802857842988,0.025395360315058225
2019-05-07,107.2669520530815,0.0023232947627578994
2019-05-08,108.7958372292531,0.014152466510559587
2019-05-09,107.1912742434684,-0.01485822458812273
2019-05-10,107.46199711921224,0.0025224215551640466
2019-05-13,109.02984075567306,0.014484343265702939
2019-05-14,108.63042056981386,-0.003670129143196191
2019-05-15,110.0213961713103,0.012723373507060907
2019-05-16,108.63678199739584,-0.0126648149440692
2019-05-17,106.91117869149774,-0.016011658535423013
2019-05-20,107.43663064594679,0.0049028073449376335
2019-05-21,106.98633052269075,-0.004200117214870626
2019-05-22,107.85154847963724,0.008054656271261977
2019-05-23,105.35873756660776,-0.023384655178245388
2019-05-24,106.30031523814367,0.008897175625646219
2019-05-27,109.70532395149988,0.03152964712723178
2019-05-28,109.71130176249481,5.448822282223245e-05
2019-05-29,109.79468171509939,0.0007597055469180989
2019-05-30,110.07001745407885,0.0025045938156641498
2019-05-31,107.67559718208095,-0.021993708529501447
2019-06-03,108.26552090123278,0.005463759676283719
2019-06-04,106.23693333086352,-0.018914916928191576
2019-06-05,105.73010466265376,-0.004782155177485653
2019-06-06,107.3563955581012,0.015264434595244843
2019-06-07,106.45064981871471,-0.008472603473200918
2019-06-10,107.1303678177002,0.0063649878748088
2019-06-11,108.47821314313153,0.012502868647476446
2019-06-12,108.87976963446546,0.0036948902731519977
2019-06-13,107.14069324866205,-0.016101381641135292
2019-06-14,106.75144172317597,-0.0036397033042169674
2019-06-17,109.32948202666262,0.02386293610865943
2019-06-18,106.74208931376437,-0.023950549155969652
2019-06-19,106.42666031671799,-0.0029594321663941056
2019-06-20,105.76089255958783,-0.006275296857857294
2019-06-21,105.95132429770602,0.0017989683571656642
2019-06-24,106.94432493272427,0.009328587406246765
2019-06-25,109.06703169908923,0.01965429161626464
2019-06-26,108.75197973088888,-0.0028927887041098974
2019-06-27,109.85573117275516,0.010098095959721845
2019-06-28,110.55518984952577,0.006346881738382075
2019-07-01,111.22520496623301,0.0060421675744616035
2019-07-02,110.51374831065127,-0.00641708717831767
2019-07-03,109.23724479313306,-0.011617857625310809
2019-07-04,107.84247066195674,-0.012850517351448366
2019-07-05,106.90539781646187,-0.00872724651278948
2019-07-08,107.35644392173708,0.0042102389103947195
2019-07-09,108.37917331516489,0.009481392717539954
2019-07-10,108.83876518639562,0.004231626174282742
2019-07-11,108.16200045748998,-0.006237461154348891
2019-07-12,110.57032554537342,0.0220216413191897
2019-07-15,112.64351936457074,0.01857638748357848
2019-07-16,112.20528943898927,-0.00389800135300208
2019-07-17,111.14092137706868,-0.00953117687182799
2019-07-18,111.35369062352262,0.001912579449895635
2019-07-19,113.09963108243066,0.015557583740652234
2019-07-22,113.59191136432285,0.004343179727049405
2019-07-23,114.39311406928903,0.007028584458920531
2019-07-24,114.1423009550407,-0.0021949614673075087
2019-07-25,114.80914887087125,0.005825250742426768
2019-07-26,116.99786749868414,0.018884533417473662
2019-07-29,116.70270087238623,-0.002526025377732529
2019-07-30,116.9444897389922,0.0020696927900944705
2019-07-31,117.34228460363481,0.0033957977185955284
2019-08-01,117.78369835106064,0.003754704269252448
2019-08-02,115.84547731976613,-0.01659266651285473
2019-08-05,113.30516876278575,-0.022172423870486735
2019-08-06,111.96641119713232,-0.011885860851062071
2019-08-07,112.23155964950237,0.002365307544820018
2019-08-08,113.01951555500875,0.006996273992038534
2019-08-09,112.34139594616153,-0.006018094717283489
2019-08-12,114.25348160816749,0.01687708979440768
2019-08-13,114.09727696120378,-0.001368111691914245
2019-08-14,114.16504712776742,0.0005937919788154951
2019-08-15,113.93950125067356,-0.001977566446631949
2019-08-16,114.16285005014916,0.0019583215129599816
2019-08-19,115.17234136832985,0.008803688888523242
2019-08-20,116.13664458469843,0.008337841254947975
2019-08-21,114.93151084904558,-0.010431075287315083
2019-08-22,117.09321868101216,0.01863396531774233
2019-08-23,115.60509630413864,-0.01279031748912301
2019-08-26,115.75556448455602,0.0013007241690873488
2019-08-27,115.41542448945586,-0.002942758882268231
2019-08-28,114.01158956766947,-0.012237900127821848
2019-08-29,113.94873554421419,-0.0005514470556859782
2019-08-30,112.97978328978537,-0.008539765279508782
2019-09-02,113.11825553759327,0.0012248869193126268
2019-09-03,113.70652787081153,0.005187031534632404
2019-09-04,115.77329954183035,0.018013152427679258
2019-09-05,116.2418082445972,0.004038610623528974
2019-09-06,115.43272251340623,-0.0069847040836579
2019-09-09,114.93174534925072,-0.004349437728635219
2019-09-10,115.16526350676295,0.0020297372733747636
2019-09-11,115.33485739225915,0.0014715299535458142
2019-09-12,117.41383810906292,0.01786507121874105
2019-09-13,119.43819095526813,0.017094235157083457
2019-09-16,118.9664803791657,-0.003957231114907136
2019-09-17,118.22718504031275,-0.00623370553823438
2019-09-18,114.69465407510651,-0.0303346552488143
2019-09-19,113.9815245831056,-0.006237044959866642
2019-09-20,112.6910132863042,-0.011386692473011405
2019-09-23,112.25148817631168,-0.003907893497137825
2019-09-24,112.81968036179364,0.005049010908201332
2019-09-25,113.09940282977892,0.002476307950387855
2019-09-26,113.09831526158554,-9.616084570507116e-06
2019-09-27,113.40919496307802,0.0027449853330621644
2019-09-30,113.27732992136701,-0.0011634132787719006
2019-10-01,113.5852079667782,0.002714227190521713
2019-10-02,109.30374150919108,-0.038422660095031744
2019-10-03,108.98923373492697,-0.0028815218770090506
2019-10-04,108.88245388679094,-0.000980208652636084
2019-10-07,108.47543643324511,-0.00374514059447903
2019-10-08,108.22997917409238,-0.0022653551452353014
2019-10-09,109.18548369713947,0.008789721413680762
2019-10-10,108.44258444786045,-0.006827263976089906
2019-10-11,111.38350900989103,0.026758425190605537
2019-10-14,112.34661236645273,0.008609563162665061
2019-10-15,112.37743472879266,0.0002743129890335339
2019-10-16,112.13833140625901,-0.002129947638370798
2019-10-17,112.0611767989067,-0.000688267436585622
2019-10-18,110.87586683746733,-0.010633684839327745
2019-10-21,110.78804022491397,-0.0007924304710961137
2019-10-22,111.1980705480766,0.0036942022007246528
2019-10-23,112.01329054849671,0.007304499386878756
2019-10-24,112.83468773998698,0.007306277349732003
2019-10-25,112.50248121631634,-0.002948530558791216
2019-10-28,110.64559877687789,-0.016642987030263165
2019-10-29,109.79917969131716,-0.007679231514801347
2019-10-30,111.98325762456743,0.019696316513748657
2019-10-31,113.23350181204236,0.011102699760919373
2019-11-01,113.7766719950682,0.004785435035650089
2019-11-04,112.7814616502829,-0.008785530937121488
2019-11-05,112.8258771762832,0.00039374185968533564
2019-11-06,111.17746363422476,-0.014718024227949784
2019-11-07,110.48220349120479,-0.006273242508352884
2019-11-08,110.19615593729233,-0.0025924401002223405
2019-11-11,109.75738448864132,-0.003989679182382556
2019-11-12,111.06343865802772,0.011829223172672144
2019-11-13,109.22684282622062,-0.01667471096842543
2019-11-14,108.13621249727343,-0.01003518725818185
2019-11-15,106.40423764660272,-0.01614625565226663
2019-11-18,104.87269280479532,-0.014498238552254248
2019-11-19,105.06569653908808,0.0018386707573597866
2019-11-20,103.10321248166817,-0.01885528639667526
2019-11-21,104.07658004675085,0.00939642534605164
2019-11-22,103.80510861359416,-0.0026117893232929065
2019-11-25,103.92719910774717,0.00117545999031173
2019-11-26,104.36679468637722,0.004220920855966445
2019-11-27,103.86080280334585,-0.0048599982430190935
2019-11-28,105.19242843305487,0.012739756589040531
2019-11-29,104.98413168454637,-0.0019821127207316205
2019-12-02,105.77223490624534,0.007478843062868839
2019-12-03,105.55674824869064,-0.002039348593087027
2019-12-04,105.96291761039762,0.003840492649099081
2019-12-05,106.35633965261736,0.003705952041895537
2019-12-06,106.71319235515384,0.003349639273466373
2019-12-09,105.50972156028588,-0.011341694195451035
2019-12-10,106.10016549366719,0.00558050924656928
2019-12-11,105.73184466568502,-0.00347748386919515
2019-12-12,106.5721241394593,0.007915856365879015
2019-12-13,103.89097755646628,-0.02547992133294765
2019-12-16,102.11612661427489,-0.01723139466465941
2019-12-17,102.59836620201675,0.004711346745620343
2019-12-18,104.95452275057208,0.022705131021262745
2019-12-19,106.0486387111933,0.010370704961734839
2019-12-20,105.22053000740286,-0.007839411210399766
2019-12-23,103.14170345555395,-0.019954628984535473
2019-12-24,104.10146401793882,0.00926223465393942
2019-12-25,104.03725336464635,-0.0006169986645154096
2019-12-26,104.81401470477647,0.007438450614732623
2019-12-27,104.99587626416552,0.0017335846665294927
2019-12-30,105.06999959153411,0.0007057151014459428
2019-12-31,108.90547412947538,0.035853505350718115
2020-01-01,108.93558417127718,0.00027644046745305226
2020-01-02,108.7656746309909,-0.0015609425110391783
2020-01-03,108.64529591679046,-0.0011073841048482647
2020-01-06,107.92493826404414,-0.0066524406004918836
2020-01-07,109.25313881679534,0.01223159473658375
2020-01-08,108.82841984755582,-0.00389505200537619
2020-01-09,109.7004889704841,0.007981312467735072
2020-01-10,110.11431582908502,0.003765236357762677
2020-01-13,111.77600253650921,0.014977830345589116
2020-01-14,112.38034397289537,0.005392155163860336
2020-01-15,110.79464348093597,-0.014210617371371767
2020-01-16,109.08316529791293,-0.01556785342064729
2020-01-17,110.98122084711244,0.01725042975292282
2020-01-20,110.21207627669698,-0.006954529639173302
2020-01-21,108.51726067013911,-0.015497230957475825
2020-01-22,107.68645622875277,-0.0076854231984371
2020-01-23,109.37138854226664,0.015525503443616086
2020-01-24,107.56085378266495,-0.016692555987382146
2020-01-27,106.48550010782228,-0.010047942445115315
2020-01-28,105.67381540041436,-0.007651690105558233
2020-01-29,104.13549191197036,-0.014664278481678344
2020-01-30,102.70193212088641,-0.013861928062139966
2020-01-31,100.88322242587734,-0.017867295703163904
2020-02-03,100.36157203625832,-0.005184248957640665
2020-02-04,99.97003382863964,-0.003908905980881021
2020-02-05,99.18928769522343,-0.00784045785043967
2020-02-06,97.27438022192626,-0.019494374067611696
2020-02-07,98.78301517697321,0.015390031362271945
2020-02-10,97.25406030751645,-0.015598945950065925
2020-02-11,97.61323975099153,0.003686404544274452
2020-02-12,96.39611869326524,-0.012547199117426503
2020-02-13,97.2063210459465,0.008369802400898333
2020-02-14,98.36211590401547,0.011819988262005974
2020-02-17,97.36573635069551,-0.010181363039531863
2020-02-18,95.1771390713501,-0.022734588756365512
2020-02-19,96.0087396154051,0.008699447829675291
2020-02-20,98.22873911390458,0.02285960656056362
2020-02-21,98.75451912486565,0.005338334478709208
2020-02-24,98.979593149279,0.0022765330577566166
2020-02-25,99.99306428142108,0.010187127315322269
2020-02-26,100.95061981371327,0.009530658151964215
2020-02-27,99.9863441880631,-0.009597866005132124
2020-02-28,99.23331581486407,-0.007559815728359773
2020-03-02,99.99870995112452,0.007683482600670931
2020-03-03,99.86099063347906,-0.001378160169763512
2020-03-04,101.48676464536463,0.016149267150362627
2020-03-05,100.66783017111531,-0.0081021057655451
2020-03-06,101.61423215843408,0.009357319002421774
2020-03-09,102.0686127755082,0.004461655776430733
2020-03-10,101.94954261509999,-0.0011672507645156122
2020-03-11,103.43453907527483,0.014460929262015285
2020-03-12,104.31861256612002,0.008510858394409156
2020-03-13,103.10420671412264,-0.011709605840585249
2020-03-16,103.93573927970168,0.008032624165038166
2020-03-17,105.7018826741499,0.01684988757793039
2020-03-18,105.57349737401793,-0.0012153362678154847
2020-03-19,105.29579635964139,-0.0026338702046196797
2020-03-20,104.48961954363179,-0.007685765771722296
2020-03-23,104.50913515465604,0.00018675337189578793
2020-03-24,105.41014602432102,0.00858440823263492
2020-03-25,104.41745698496503,-0.009462019594944972
2020-03-26,102.77997961634571,-0.01580629072884688
2020-03-27,102.35340546650995,-0.0041589989317831165
2020-03-30,100.70796415837644,-0.016206699743905
2020-03-31,101.37773649539605,0.00662862129539158
2020-04-01,100.89528820726518,-0.004770277239925614
2020-04-02,98.82675883415217,-0.020714822134609682
2020-04-03,98.44865234923417,-0.0038332901768621187
2020-04-06,98.25574639104236,-0.0019613798295290857
2020-04-07,98.82131929754757,0.005739627360316603
2020-04-08,98.68362257583803,-0.0013943625178505243
2020-04-09,100.95690259585753,0.022774717482077704
2020-04-10,100.36557526199961,-0.005874446218467994
2020-04-13,100.32555919803856,-0.00039878258298767856
2020-04-14,100.23681763538805,-0.000884927371152047
2020-04-15,99.93240645779841,-0.0030415406128842825
2020-04-16,100.13838997575111,0.00205910702015528
2020-04-17,100.82616593149703,0.0068447755663720725
2020-04-20,102.496544831333,0.016431184442437217
2020-04-21,100.61969516772353,-0.01848107352873356
2020-04-22,100.04037965490862,-0.00577411448567345
2020-04-23,99.53911116140466,-0.0050232571042269185
2020-04-24,100.70091111485159,0.011604203568340472
2020-04-27,100.30593751413865,-0.003929956732880127
2020-04-28,98.08483658721318,-0.022392107116951828
2020-04-29,98.22252316698237,0.001402765566398917
2020-04-30,98.21719269883035,-5.427077849126969e-05
2020-05-01,98.46373395901115,0.002507018789255783
2020-05-04,97.2763933559086,-0.012131954571753785
2020-05-05,99.33865386736295,0.02097841617301404
2020-05-06,98.98798126691646,-0.003536317405424155
2020-05-07,98.79913791100596,-0.0019095623019240024
2020-05-08,97.77205267956123,-0.01045010283770993
2020-05-11,96.71966592272386,-0.010822024046496685
2020-05-12,95.34423880963942,-0.014322843516985425
2020-05-13,94.9285191607336,-0.004369730221373883
2020-05-14,93.87679174789572,-0.011140982065079609
2020-05-15,96.25595145218067,0.02502760809470266
2020-05-18,94.13207939250134,-0.022311908564641783
2020-05-19,92.89863285307078,-0.013189966578181526
2020-05-20,92.4845826193632,-0.004466973141484178
2020-05-21,93.26769988195058,0.008431895337179897
2020-05-22,92.83825347282051,-0.00461508257656075
2020-05-25,93.6271429023508,0.008461560716035729
2020-05-26,92.55737134824264,-0.011491646671483864
2020-05-27,92.65567257001413,0.001061493606736481
2020-05-28,94.6483712807986,0.021278493044130004
2020-05-29,93.58833381146043,-0.011262932748393736
2020-06-01,94.09364869663243,0.005384812110744734
2020-06-02,94.36060624151892,0.0028331302313991213
2020-06-03,91.87741652126103,-0.02666841983185444
2020-06-04,91.26228494194982,-0.006717646557648146
2020-06-05,92.5418926739475,0.01392382286367187
2020-06-08,92.72446631904448,0.0019709320698163843
2020-06-09,91.41733673438303,-0.014197227554752764
2020-06-10,92.21054247342735,0.008639327274987714
2020-06-11,91.71399567537645,-0.005399475343772233
2020-06-12,92.14335777553906,0.004670608736970041
2020-06-15,92.59347199212901,0.0048730413732515675
2020-06-16,91.39075230949163,-0.013074347213746874
2020-06-17,92.29336294712533,0.009827936416811584
2020-06-18,91.21616470166215,-0.011740105614822114
2020-06-19,89.8294340972956,-0.01531943039609968
2020-06-22,88.91392328727785,-0.010243947852664444
2020-06-23,88.57641867315324,-0.003803080406358333
2020-06-24,88.72382942328127,0.0016628378772951488
2020-06-25,87.93584375404457,-0.008921004788469281
2020-06-26,88.7563816860911,0.00928783174874139
2020-06-29,89.05577887044929,0.003367570208523131
2020-06-30,88.34727223180445,-0.007987578581266034
2020-07-01,89.32605715168292,0.011017915011138267
2020-07-02,90.61103991779397,0.014282820291757802
2020-07-03,90.53548222585587,-0.0008342163617141615
2020-07-06,90.33383142456064,-0.0022297965395666904
2020-07-07,88.46232807156763,-0.02093525623907622
2020-07-08,88.06160609220399,-0.004540151108697627
2020-07-09,87.78481696861373,-0.003148080550784381
2020-07-10,88.07450562607882,0.003294552887116304
2020-07-13,87.92744571803838,-0.0016711171795656728
2020-07-14,88.21617332094333,0.0032783232576859356
2020-07-15,89.88664717222117,0.018759083471646374
2020-07-16,89.34814063429381,-0.006008969183604119
2020-07-17,88.85437237029444,-0.0055416673907901625
2020-07-20,87.49999885813776,-0.015359983771630982
2020-07-21,87.52153301717208,0.0002460743991009732
2020-07-22,88.58447446662157,0.012071755789635322
2020-07-23,86.77284840274147,-0.020662844190308435
2020-07-24,86.11240543032235,-0.007640283604232651
2020-07-27,86.17971013838928,0.0007812860300470223
2020-07-28,87.09382652565627,0.010551234602293246
2020-07-29,87.5255233457351,0.004944442868322382
2020-07-30,87.89878743275324,0.004255563538185567
2020-07-31,87.69319096771272,-0.002341753431650811
2020-08-03,88.23262101389598,0.0061324910842245825
2020-08-04,89.34438474306363,0.012521646602401532
2020-08-05,87.56142023721188,-0.02015790131859044
2020-08-06,88.36119630894703,0.009092424810021604
2020-08-07,88.28743511645621,-0.0008351176704005587
2020-08-10,87.7584306445345,-0.006009866370574172
2020-08-11,85.25280544105577,-0.02896690943055178
2020-08-12,83.88164424060437,-0.016214215883851593
2020-08-13,85.63837733633784,0.02072670790696701
2020-08-14,84.96343042793958,-0.007912582389562654
2020-08-17,83.89396738126527,-0.012667225255036985
2020-08-18,83.46493444820719,-0.0051271114737231095
2020-08-19,82.75089502941584,-0.00859176666230312
2020-08-20,82.90348781848462,0.0018423035914269849
2020-08-21,84.45601092076282,0.018553684138959338
2020-08-24,83.89293701733297,-0.006689391410226566
2020-08-25,84.07782913474105,0.0022014806066224532
2020-08-26,82.95730364262099,-0.013416845694882825
2020-08-27,84.51407248680131,0.018591997306478383
2020-08-28,84.73566438144991,0.00261852130896932
2020-08-31,83.67202988597197,-0.012631829479487438
2020-09-01,84.61456587654149,0.011201674641615708
2020-09-02,85.87186789651639,0.014749851782991359
2020-09-03,86.06852260013775,0.0022874763608916257
2020-09-04,84.42140555849303,-0.01932276361048931
2020-09-07,86.27958534347843,0.021772025762197698
2020-09-08,86.63158620242886,0.004071470247518314
2020-09-09,87.8877065235432,0.01439545156833744
2020-09-10,87.33918519725717,-0.006260718461405709
2020-09-11,86.95282514065372,-0.004433487096806806
2020-09-14,87.09863125863113,0.0016754373114867846
2020-09-15,88.30104915723825,0.01371082013643056
2020-09-16,88.48365711666851,0.002065880338005936
2020-09-17,87.18967028489277,-0.01473200575040418
2020-09-18,87.49483247786264,0.0034938703614000926
2020-09-21,89.25381318936533,0.0199044103341292
2020-09-22,89.35559154981107,0.0011396753895539758
2020-09-23,89.5257636826853,0.001902626285317791
2020-09-24,88.21049274672997,-0.014800524913405838
2020-09-25,86.76818760719347,-0.016485869052674074
2020-09-28,86.13688755745386,-0.007302305665758902
2020-09-29,85.83008060396634,-0.0035682117594246832
2020-09-30,85.96740937394233,0.0015987288201233598
2020-10-01,86.16893650535276,0.00234148369369012
2020-10-02,87.87212557111131,0.01957289181220314
2020-10-05,87.96481354412099,0.0010542492613989185
2020-10-06,89.12678982224477,0.013123072260930891
2020-10-07,89.11592129330259,-0.00012195201573898448
2020-10-08,90.71065741283505,0.01773684333950913
2020-10-09,88.72840566234466,-0.02209476974496641
2020-10-12,88.1240341496591,-0.006834781200141153
2020-10-13,89.20095107666869,0.012146400755110889
2020-10-14,89.0486232998559,-0.0017091520630805866
2020-10-15,90.08114769225236,0.01152835536065559
2020-10-16,90.53003719581227,0.004970793233327252
2020-10-19,91.59550717406168,0.01170052380455641
2020-10-20,92.30414375259714,0.00770681273634612
2020-10-21,93.08590924730134,0.008433787205765002
2020-10-22,94.80122079353563,0.0182594646458186
2020-10-23,95.96369808176833,0.012187688224411278
2020-10-26,97.14897795178054,0.012275680485636915
2020-10-27,97.20680123407467,0.0005950251054269193
2020-10-28,96.5642391982737,-0.006632202517802468
2020-10-29,95.83651365514724,-0.007564721059267558
2020-10-30,96.73788381212346,0.009361335166276163
2020-11-02,93.98108751545453,-0.028911526768540283
2020-11-03,92.55077632227977,-0.015336138259651428
2020-11-04,91.5191630773554,-0.011209044230545482
2020-11-05,91.27956375519204,-0.002621456544323405
2020-11-06,88.47319899251164,-0.03122725644170001
2020-11-09,89.85114220817219,0.01545465563107199
2020-11-10,90.53227603307461,0.007552102835955125
2020-11-11,92.74663468925289,0.0241649887815028
2020-11-12,93.96928661888617,0.013096573627073383
2020-11-13,95.17169182092104,0.012714551973824335
2020-11-16,97.81135309591153,0.02735811237237041
2020-11-17,97.17749561705125,-0.006501497042289159
2020-11-18,95.47339834238853,-0.017691500790992732
2020-11-19,95.24089020471294,-0.002438288757912878
2020-11-20,94.33567800956949,-0.009549904646165926
2020-11-23,94.07829109077606,-0.002732144332293366
2020-11-24,92.93261788489053,-0.012252627883097084
2020-11-25,93.60083014225641,0.007164560809447964
2020-11-26,94.2117630266389,0.00650579419518469
2020-11-27,94.21430008118597,2.692891318073102e-05
2020-11-30,94.6003289793132,0.004088978040594561
2020-12-01,94.47226930319731,-0.0013546087255501952
2020-12-02,95.36205461159835,0.009374404019207375
2020-12-03,95.47519140945329,0.0011856889938242714
2020-12-04,95.20486947370762,-0.0028353474987492786
2020-12-07,96.30652794162499,0.011505013639312531
2020-12-08,97.80893759264443,0.015479855230721137
2020-12-09,99.42617462453536,0.01639944590769455
2020-12-10,98.28605042844197,-0.011533296271833783
2020-12-11,97.69190915162699,-0.00606336649650037
2020-12-14,95.75097294317297,-0.020067953136972305
2020-12-15,95.51067382833448,-0.002512780218443274
2020-12-16,96.02239973763211,0.005343485773731508
2020-12-17,95.90305915016395,-0.0012436140941436984
2020-12-18,98.18545528088109,0.023520210404579623
2020-12-21,97.74264671949744,-0.004520120501336283
2020-12-22,96.50799628741953,-0.01271210266586715
2020-12-23,97.20264455712095,0.007172050480014507
2020-12-24,97.41177771298936,0.002149205941977925
2020-12-25,98.09072694664641,0.006945711149604625
2020-12-28,98.48342803608573,0.003995455169434277
2020-12-29,98.80650867501153,0.003275189126370484
2020-12-30,96.35563648614122,-0.0251175865965111
2020-12-31,95.55313927500865,-0.008363368330208152
2021-01-01,94.9118556772864,-0.006733899015434372
2021-01-04,94.54945716727985,-0.003825572055219117
2021-01-05,94.07500166729587,-0.005030699661531295
2021-01-06,94.57528455993042,0.005303825140252292
2021-01-07,95.29303942660383,0.007560590104304232
2021-01-08,94.04064461389254,-0.013229691121013831
2021-01-11,94.85209002633016,0.008591652881536134
2021-01-12,95.55461309196532,0.0073792176640048515
2021-01-13,96.1238236139035,0.005939240792458598
2021-01-14,94.53521927492837,-0.016664733856356032
2021-01-15,95.06961791826582,0.005636987603467991
2021-01-18,95.19720560193275,0.0013411450344352415
2021-01-19,96.33494692092111,0.011880560902566128
2021-01-20,98.45439350869952,0.02176228154361564
2021-01-21,100.38374035819237,0.019406814627131144
2021-01-22,100.55471181976459,0.0017017300668791366
2021-01-25,100.58764925313793,0.0003275036992907531
2021-01-26,101.38882304420878,0.007933379408111993
2021-01-27,100.07624838072078,-0.013030479441033286
2021-01-28,98.38360571134865,-0.017058197699257607
2021-01-29,97.86155878400358,-0.005320367104299984
2021-02-01,99.34023163472695,0.01499682696457433
2021-02-02,98.98091975712586,-0.003623539579389662
2021-02-03,100.81710893207816,0.01838097086971322
2021-02-04,97.53396907606742,-0.03310735459702003
2021-02-05,95.72736861249224,-0.018696477121451567
2021-02-08,95.61884998449139,-0.0011342647942683898
2021-02-09,96.67726929761835,0.011008334496090507
2021-02-10,96.63034608009833,-0.00048547718464111116
2021-02-11,96.55328195381642,-0.0007978329339195945
2021-02-12,96.44608066736482,-0.0011108979430851042
2021-02-15,94.46027066082566,-0.020804772812812896
2021-02-16,95.81566183340378,0.014246826493278235
2021-02-17,95.06710205356839,-0.007843176638048456
2021-02-18,96.35192477367876,0.013424391886573437
2021-02-19,96.30411900613069,-0.0004962810155481974
2021-02-22,97.58063044679776,0.013167924647948977
2021-02-23,98.01770356307344,0.004469095771730793
2021-02-24,97.92658027937475,-0.0009300938866989073
2021-02-25,98.2271994191002,0.0030651397648244305
2021-02-26,96.53999954576075,-0.017325731309338913
2021-03-01,96.58078201218039,0.0004223519260524201
2021-03-02,98.62475167760435,0.020942483865345574
2021-03-03,100.22028207508289,0.01604832276786458
2021-03-04,99.07729480346397,-0.011470282992376866
2021-03-05,99.71524074270476,0.006418230216055078
2021-03-08,100.04742163440102,0.003325758616970463
2021-03-09,101.06870663589187,0.010156259361408897
2021-03-10,101.21838232792484,0.0014798346262665436
2021-03-11,100.97049404549526,-0.0024520479175612
2021-03-12,102.63160285253983,0.01631756931632778
2021-03-15,102.93447946638103,0.0029467588192641204
2021-03-16,104.5335670897787,0.015415571863355768
2021-03-17,105.80003713708275,0.012042634440133928
2021-03-18,105.42576158297878,-0.0035438468982268933
2021-03-19,105.25153115480026,-0.0016540032922859153
2021-03-22,107.75509459106596,0.02350798920798827
2021-03-23,108.04078528452823,0.0026477879052789447
2021-03-24,107.09917306534918,-0.008753541080320292
2021-03-25,105.60489632833733,-0.014050519335820282
2021-03-26,106.88402051405954,0.01203958922309308
2021-03-29,107.1273004163633,0.002273524653155277
2021-03-30,106.15101472067168,-0.009155103406347804
2021-03-31,107.0512578825637,0.0084450179748395
2021-04-01,107.2942166956935,0.002266984340671054
2021-04-02,105.21428171948448,-0.019575700849155483
2021-04-05,105.99726326623038,0.007414226656529745
2021-04-06,107.74437936633466,0.016348288434118802
2021-04-07,111.14434553509717,0.03106820276758965
2021-04-08,111.22982958488954,0.0007688307687440533
2021-04-09,111.57984055087213,0.003141795898526558
2021-04-12,113.79169670103637,0.01962916166281765
2021-04-13,114.06223520351608,0.0023746672032377496
2021-04-14,114.47979272034812,0.003654102356959074
2021-04-15,113.6565184271954,-0.007217420697166912
2021-04-16,111.80970934118734,-0.016382501352558275
2021-04-19,113.08057953449236,0.011302255229838264
2021-04-20,111.40451039578068,-0.014932842841746927
2021-04-21,112.9794213161453,0.014037874915369558
2021-04-22,111.95507818172325,-0.009107986706651916
2021-04-23,112.35129338560832,0.003532807500779587
2021-04-26,111.88966478696732,-0.004117260776299431
2021-04-27,113.5176637714194,0.014445202855488084
2021-04-28,113.96810283852273,0.0039601568264789715
2021-04-29,116.71998244493294,0.0238591442300857
2021-04-30,115.25229808280993,-0.01265413215231498
2021-05-03,115.86665205753295,0.005316356978429083
2021-05-04,115.97307837632964,0.000918102570885596
2021-05-05,116.4040587951265,0.003709322855083073
2021-05-06,118.69633893384798,0.019501054059325385
2021-05-07,119.57481883413847,0.007373816361107429
2021-05-10,117.98080828430695,-0.013420304904126486
2021-05-11,118.78012552819854,0.006752129820077947
2021-05-12,118.23056596964712,-0.0046374325138690085
2021-05-13,117.6020429391307,-0.005330259640849486
2021-05-14,119.1289708844711,0.012900287936400424
2021-05-17,118.31240374283054,-0.006878079796314744
2021-05-18,117.81573680291777,-0.004206763930961628
2021-05-19,117.9028214943765,0.0007388870528464476
2021-05-20,119.29089061937273,0.011704230760944657
2021-05-21,120.16839453700827,0.007329077634334271
2021-05-24,119.87278649927032,-0.0024629789430144562
2021-05-25,119.52373254674787,-0.0029161175882487186
2021-05-26,117.91256726398683,-0.013571555938402344
2021-05-27,116.88322662529012,-0.008768021063111957
2021-05-28,116.00958306688007,-0.007502573029845918
2021-05-31,115.84247673215981,-0.0014414913009693467
2021-06-01,118.67901140708574,0.02419115644602994
2021-06-02,117.76214057815018,-0.0077556332054371825
2021-06-03,117.38591003624892,-0.0031999488148676636
2021-06-04,114.57024205219703,-0.02427878085971927
2021-06-07,115.43931212634976,0.007556853131726087
2021-06-08,113.31432227176421,-0.018579385525924065
2021-06-09,112.12748646285675,-0.010529074265972287
2021-06-10,113.57853322786909,0.012858024421291917
2021-06-11,110.7843345301986,-0.024909141154947547
2021-06-14,110.95075166449773,0.0015010449487428796
2021-06-15,112.06147222957136,0.009961155759981521
2021-06-16,114.17163778823236,0.018655330837283334
2021-06-17,112.95751713373518,-0.010691117301875363
2021-06-18,112.15406374878599,-0.00713829820287838
2021-06-21,114.64916556073467,0.022003235880831216
2021-06-22,114.65481541190587,4.9278265020827046e-05
2021-06-23,113.68606594450424,-0.008485167211236062
2021-06-24,112.75090580965592,-0.008259830047686727
2021-06-25,111.48168711122999,-0.011320675882809588
2021-06-28,110.93387130718833,-0.004926066465111914
2021-06-29,112.43136150708118,0.013408645717392136
2021-06-30,113.67529653530137,0.011003192822881565
2021-07-01,112.1239397867274,-0.013741243633904134
2021-07-02,112.45238612307533,0.0029250328964508204
2021-07-05,111.95018334383381,-0.004475916820870213
2021-07-06,113.04582478995984,0.009739284849253306
2021-07-07,112.87341266791793,-0.0015263167267515923
2021-07-08,113.41744836126443,0.004808296181597205
2021-07-09,113.24141803978875,-0.001553262483501992
2021-07-12,110.34666954637078,-0.025895031167658674
2021-07-13,110.44757574898554,0.0009140293444237333
2021-07-14,108.81291347170922,-0.014910963394361043
2021-07-15,109.83130067122693,0.009315540940122095
2021-07-16,108.9770842194339,-0.0078079347087974555
2021-07-19,108.2266318728436,-0.006910151872875875
2021-07-20,108.25295212078261,0.00024316609985236906
2021-07-21,109.04429385040638,0.007283527450692567
2021-07-22,108.86049928377052,-0.0016869258135895444
2021-07-23,111.06586822364675,0.02005619326454024
2021-07-26,113.3249376992505,0.020135814337829697
2021-07-27,115.72247528559909,0.020935623106039886
2021-07-28,115.4379372233282,-0.0024618246947052096
2021-07-29,113.44289062734687,-0.017433501473234258
2021-07-30,115.15631729262141,0.01499094217085935
2021-08-02,114.62252552313726,-0.004646143423597313
2021-08-03,114.71517746207469,0.0008079957440240929
2021-08-04,115.62384189480422,0.00788984123426204
2021-08-05,113.45870554597919,-0.018903236806151826
2021-08-06,115.73908580224355,0.01989945446398997
2021-08-09,117.00163924546052,0.01084954794923969
2021-08-10,117.53841359036004,0.0045772589848576736
2021-08-11,118.84334595649453,0.011041001005744294
2021-08-12,119.6821688104571,0.0070334304719281695
2021-08-13,119.89202825315822,0.0017519373868289335
2021-08-16,119.49186351682701,-0.0033432918657347235
2021-08-17,118.47815220937869,-0.008519707292269389
2021-08-18,118.92881792107354,0.0037965713708404125
2021-08-19,119.48723936628032,0.004684436717260098
2021-08-20,121.09289372109562,0.013348385632258389
2021-08-23,121.42731919461194,0.0027579201046303617
2021-08-24,120.23251219419069,-0.00988841818936673
2021-08-25,118.02101189291963,-0.018564794168759873
2021-08-26,117.8817412995808,-0.001180745944119171
2021-08-27,117.88415783871532,2.0499479725149356e-05
2021-08-30,117.78669628114875,-0.0008270989935231961
2021-08-31,115.68363436016583,-0.01801615476826749
2021-09-01,117.22588997409879,0.013243581686426092
2021-09-02,118.78609016471573,0.013221556954805388
2021-09-03,117.65950377072008,-0.009529421975373892
2021-09-06,118.84459048420182,0.01002178533946585
2021-09-07,120.25333561745741,0.011783970341739875
2021-09-08,120.35094454833946,0.0008113649197723151
2021-09-09,119.03053169026217,-0.011031983514328924
2021-09-10,121.39996707958329,0.019710578423132286
2021-09-13,121.99885563612582,0.004921057205266718
2021-09-14,121.67447186782105,-0.0026624494625445117
2021-09-15,122.85113771615141,0.009624144748074902
2021-09-16,125.30989907787871,0.019816501854201817
2021-09-17,124.60814084291196,-0.005615921760266387
2021-09-20,125.69030827311562,0.008647070543081465
2021-09-21,128.70062008152635,0.0236679220486965
2021-09-22,127.03214372334047,-0.013048778010825757
2021-09-23,126.24179949530354,-0.006241043064736755
2021-09-24,125.38322540942013,-0.0068242609671064595
2021-09-27,125.18904125732868,-0.0015499256445906419
2021-09-28,124.91771494628439,-0.002169684830610336
2021-09-29,125.41331281754522,0.003959545272404602
2021-09-30,124.22821022085795,-0.009494506241616844
2021-10-01,123.34660475160064,-0.00712196186657072
2021-10-04,123.83670506285802,0.003965485807790908
2021-10-05,124.11055554965664,0.002208942316804525
2021-10-06,125.46310146486499,0.010838957709922393
2021-10-07,126.12506113721061,0.005262260299107684
2021-10-08,127.34324064642135,0.00961215962672916
2021-10-11,125.65256763012485,-0.013365424474498
2021-10-12,125.11955282574345,-0.004250995733389394
2021-10-13,127.97056317016444,0.022530559410601343
2021-10-14,128.6190839832068,0.005054936558620033
2021-10-15,129.82325056862624,0.009318715538555799
2021-10-18,130.29442940976028,0.0036228168459535334
2021-10-19,131.0070005995394,0.005454030283145428
2021-10-20,130.69023605734762,-0.0024208486183380827
2021-10-21,136.461000538642,0.04320895061631574
2021-10-22,135.86136521377833,-0.00440387106891638
2021-10-25,135.8464410358522,-0.00010985461291781958
2021-10-26,131.99672370677544,-0.028748035905462987
2021-10-27,133.8075136258096,0.01362519989113666
2021-10-28,132.97022970606304,-0.0062770353962191255
2021-10-29,132.9197731870351,-0.0003795292721396948
2021-11-01,132.12642778969473,-0.005986486610581975
2021-11-02,131.95290190199853,-0.0013141953432981475
2021-11-03,131.54961620036602,-0.003060965181047558
2021-11-04,131.52771484037498,-0.00016650130936778134
2021-11-05,131.49041652980765,-0.00028361779184616075
2021-11-08,131.29326787212656,-0.0015004637378305918
2021-11-09,131.07490850270574,-0.0016645267185553536
2021-11-10,133.19592996661882,0.016052221427912204
2021-11-11,134.65934309689652,0.0109270030371111
2021-11-12,136.1486784762397,0.010999307821359074
2021-11-15,135.0045020118634,-0.00843938657334131
2021-11-16,137.10402936409218,0.015431849982180371
2021-11-17,139.02721567817133,0.013929734110350653
2021-11-18,138.15536127669532,-0.00629085194561878
2021-11-19,140.75419658741964,0.01863622420639764
2021-11-22,139.65378160066848,-0.007848711315997474
2021-11-23,136.6485073420482,-0.021754382060860923
2021-11-24,138.51523241681102,0.013568311833838071
2021-11-25,138.36513207436698,-0.0010842253651609074
2021-11-26,140.04574711473197,0.012073058774899791
2021-11-29,138.83257467329318,-0.008700425952690298
2021-11-30,136.79418106986768,-0.014791240140964512
2021-12-01,138.87995539122838,0.01513246146348764
2021-12-02,136.60215280712418,-0.016537222760749207
2021-12-03,134.11402095802322,-0.018382366137248366
2021-12-06,131.09644820188936,-0.02275704268917223
2021-12-07,126.8175742444214,-0.03318366757969094
2021-12-08,125.28991576565454,-0.01211925259917268
2021-12-09,122.11307777204927,-0.02568289550094444
2021-12-10,122.10364297003275,-7.726581531795494e-05
2021-12-13,118.91193872118586,-0.02648700820389577
2021-12-14,117.40176336100521,-0.012781281030111877
2021-12-15,120.7758890166963,0.028334743954515882
2021-12-16,121.31957288319192,0.00449149088734486
2021-12-17,121.43896979137413,0.0009836681048927187
2021-12-20,119.14161249627165,-0.019099023763838287
2021-12-21,118.83258271274524,-0.002597171991385254
2021-12-22,118.94282760168706,0.0009273027576394046
2021-12-23,116.71449836639158,-0.018912169549444708
2021-12-24,116.93227674398261,0.0018641681705674263
2021-12-27,118.65732598152977,0.01464478948478119
2021-12-28,118.2038442869025,-0.003829097426072563
2021-12-29,117.96568671182372,-0.0020168364208514194
2021-12-30,115.15034641173365,-0.02415515698594508
2021-12-31,113.27265949508613,-0.01644080642331504
2022-01-03,114.75967618157223,0.01304234121713859
2022-01-04,113.8921060007777,-0.007588607758966075
2022-01-05,112.66795278888593,-0.010806539613309001
2022-01-06,111.77456436047176,-0.007960997391656283
2022-01-07,111.73661288666801,-0.0003395935240099618
2022-01-10,110.23268393635269,-0.0135509909303895
2022-01-11,110.43881290883704,0.0018681980716428244
2022-01-12,108.68910358952336,-0.01597009212547671
2022-01-13,109.74171355189102,0.009638000024909422
2022-01-14,108.39639986024477,-0.012334669328075231
2022-01-17,110.16597548715883,0.016193219827185207
2022-01-18,110.19127339903889,0.00022960816691139984
2022-01-19,109.11692041417275,-0.009797733140742757
2022-01-20,110.35555806098192,0.01128752731498779
2022-01-21,108.58828583600146,-0.01614396254923735
2022-01-24,107.91552538552452,-0.006214787740208914
2022-01-25,107.95320458988648,0.0003490936806726145
2022-01-26,107.8340898385731,-0.0011040016394585062
2022-01-27,105.3028848375162,-0.023753025620447513
2022-01-28,104.18238411406224,-0.010697758511360397
2022-01-31,104.4294651358262,0.0023688121090811864
2022-02-01,102.82445049451387,-0.015488698712318925
2022-02-02,104.43556951635802,0.015547151583990155
2022-02-03,105.09476766203332,0.006292170665431834
2022-02-04,104.48480013569959,-0.00582088468853285
2022-02-07,104.24543784003146,-0.002293509583600766
2022-02-08,106.6376743787082,0.02268876948598182
2022-02-09,107.87991699931645,0.011581861410515808
2022-02-10,108.41119500532348,0.004912629738394062
2022-02-11,106.6225612553462,-0.016636225245211314
2022-02-14,108.76618312130124,0.0199053358237515
2022-02-15,110.18703962401742,0.012978812826487735
2022-02-16,110.0294896272929,-0.0014308646507184514
2022-02-17,109.34434603284824,-0.006246376830505418
2022-02-18,109.13626000330041,-0.0019048472653212744
2022-02-21,107.61111623417075,-0.014073240170403687
2022-02-22,107.04234741781893,-0.005299426692488088
2022-02-23,108.06495187428709,0.00950792616985419
2022-02-24,105.78312390201306,-0.021341455326910865
2022-02-25,105.42208031033323,-0.0034188924909072963
2022-02-28,105.60304187081198,0.0017150716745580477
2022-03-01,105.7713821648537,0.0015928164478799427
2022-03-02,104.3220500409667,-0.013797243448401107
2022-03-03,102.88860671091042,-0.013835834695924726
2022-03-04,104.27867672437901,0.013419984589500606
2022-03-07,102.79354407594525,-0.014344349113795493
2022-03-08,104.08172019670761,0.012453811475701241
2022-03-09,103.51722023268867,-0.0054383837813019
2022-03-10,104.90398824028797,0.013307556203611227
2022-03-11,104.41178916029075,-0.004702942064860169
2022-03-14,102.9964927024257,-0.013647655847395662
2022-03-15,104.09704556659527,0.010628658276721544
2022-03-16,104.1117560736202,0.00014130533323763385
2022-03-17,105.97442790740388,0.017732919023893418
2022-03-18,107.15262498782077,0.011056401021654056
2022-03-21,106.89543357479432,-0.0024031195473255547
2022-03-22,106.35739662947981,-0.005046011219955686
2022-03-23,106.42447271976847,0.0006304681194469826
2022-03-24,106.70500638876581,0.002632520214310275
2022-03-25,105.61887492480302,-0.010230982320781705
2022-03-28,106.72872875387694,0.01045327487629492
2022-03-29,106.25820284726497,-0.0044183619017247695
2022-03-30,105.7571761449813,-0.004726332941839749
2022-03-31,105.10999939743701,-0.006138260048470035
2022-04-01,105.4386874442867,0.0031222072081204567
2022-04-04,104.60328861913048,-0.007954631220650264
2022-04-05,104.80952261541725,0.00196964131988353
2022-04-06,108.38545155629029,0.033549236853222454
2022-04-07,108.35366529978204,-0.0002933135208561055
2022-04-08,107.82855357686583,-0.0048580568595837795
2022-04-11,105.7291069448065,-0.019662270737774813
2022-04-12,105.8298791566517,0.0009526630971688317
2022-04-13,104.4670927525216,-0.012960771318995274
2022-04-14,104.03375590581767,-0.004156697427658874
2022-04-15,104.25968036844515,0.0021692911237657176
2022-04-18,102.1520960330351,-0.020421873397865824
2022-04-19,102.38112743736242,0.002239553028781502
2022-04-20,102.79190197492956,0.004004182105112535
2022-04-21,101.23974076947245,-0.01521520023599982
2022-04-22,100.7995271660928,-0.0043577103055490495
2022-04-25,98.6438282543617,-0.021617996346133657
2022-04-26,100.56172114092958,0.019256011230108866
2022-04-27,100.99676019163797,0.004316759318586136
2022-04-28,100.81461921384123,-0.001805062011749228
2022-04-29,100.65231446841175,-0.0016112299678739516
2022-05-02,102.0639390508495,0.013927323296789218
2022-05-03,101.98436158240918,-0.0007799866230473306
2022-05-04,102.42586667615853,0.0043198012553090385
2022-05-05,104.34605628803632,0.01857355472438594
2022-05-06,103.94987729853418,-0.0038040057760263773
2022-05-09,102.63173675674192,-0.012761623894080787
2022-05-10,101.65687818158324,-0.009544006897043452
2022-05-11,103.45090673749664,0.01749396601327158
2022-05-12,103.60072302826741,0.0014471397021686848
2022-05-13,103.01414752192176,-0.005677975459236091
2022-05-16,104.26128100844711,0.012033732557589907
2022-05-17,105.55430444531993,0.012325488628125925
2022-05-18,104.99028072506384,-0.005357773214877266
2022-05-19,103.80919382502879,-0.011313242045025406
2022-05-20,101.90675169616026,-0.018496343212734523
2022-05-23,99.77139600314703,-0.021176667051114845
2022-05-24,99.48945828018252,-0.0028298374221519627
2022-05-25,98.46324587842169,-0.010368351364441517
2022-05-26,100.71905761129037,0.022651692917674226
2022-05-27,100.82511549198578,0.0010524530563402904
2022-05-30,98.5369585697987,-0.022955794519013924
2022-05-31,100.2639735008694,0.01737475130612075
2022-06-01,100.49389372807711,0.0022905237130111484
2022-06-02,101.38313141793,0.008809753764477265
2022-06-03,102.25208008188413,0.008534417322000921
2022-06-06,102.65253273087278,0.003908678807438471
2022-06-07,103.33539168942363,0.006630111565214522
2022-06-08,103.66816287123986,0.0032151280607564652
2022-06-09,102.3367069564603,-0.012926630871585245
2022-06-10,102.82404348909175,0.004750786377709688
2022-06-13,104.1316618523318,0.012636866059910483
2022-06-14,103.90587080237314,-0.0021706769517498142
2022-06-15,104.63216691880781,0.006965626616837065
2022-06-16,105.19713827474008,0.005385069742376742
2022-06-17,107.55194304546059,0.022137824767029288
2022-06-20,107.26376755498934,-0.002683003608397124
2022-06-21,106.92598524510959,-0.003154049953242896
2022-06-22,106.81343212148853,-0.0010531808817609955
2022-06-23,106.7196171402411,-0.0008786929012442799
2022-06-24,103.88490276536801,-0.026921412531451624
2022-06-27,103.12298076632072,-0.0073613180975988565
2022-06-28,103.53097929861563,0.003948620798549279
2022-06-29,103.55696074029932,0.0002509218239857569
2022-06-30,102.6042891852689,-0.009242069850365594
2022-07-01,101.8246672595513,-0.007627351026104569
2022-07-04,101.42656389724993,-0.003917357539563508
2022-07-05,100.49079857623595,-0.009268861369629048
2022-07-06,99.90897880332564,-0.005806607325320807
2022-07-07,99.29913679302535,-0.006122681433742412
2022-07-08,100.40693998772588,0.011094450159286123
2022-07-11,101.6746514263289,0.012546695222492922
2022-07-12,102.85611240374396,0.011553021132736074
2022-07-13,103.42032052283203,0.005470421590102618
2022-07-14,102.5808836713881,-0.008149869812962578
2022-07-15,103.80556290035543,0.011867965399924768
2022-07-18,103.45105008023904,-0.0034210070382331595
2022-07-19,103.51589556440797,0.0006266264991136429
2022-07-20,105.22846332448819,0.01640864638316706
2022-07-21,105.37145161777384,0.0013579142735796843
2022-07-22,105.7215922111289,0.0033174083628514255
2022-07-25,103.98075109992249,-0.016603353831959072
2022-07-26,104.62681830924537,0.0061941115252022415
2022-07-27,103.43980281533214,-0.011410079767629774
2022-07-28,104.7402110739261,0.012493275876414823
2022-07-29,104.54503274535811,-0.0018651901260742067
2022-08-01,101.81260196269383,-0.026484026104205326
2022-08-02,101.41161658789977,-0.003946241230760105
2022-08-03,101.16989497840866,-0.0023864144594310066
2022-08-04,101.79662342566608,0.006175702712937107
2022-08-05,102.65492116743158,0.008396148687766006
2022-08-08,102.2877492501181,-0.0035831709366542608
2022-08-09,103.57482837487586,0.012504418338246493
2022-08-10,99.74726800813022,-0.03765466394383487
2022-08-11,98.93091705505785,-0.00821786797630275
2022-08-12,97.65329774073025,-0.01299837125004624
2022-08-15,96.22827425394102,-0.014700202127019056
2022-08-16,97.37696679204223,0.011866476456170129
2022-08-17,98.38513709787364,0.01030004478829819
2022-08-18,97.50761784072373,-0.008959240244922664
2022-08-19,98.93046114979533,0.014486684047519521
2022-08-22,99.08566642706222,0.0015676027094290166
2022-08-23,98.62004964562388,-0.004710209209301834
2022-08-24,97.83765375288998,-0.007965073556469244
2022-08-25,96.96210673137337,-0.008989260717557112
2022-08-26,97.54790085831007,0.006023298289394415
2022-08-29,98.3463475643031,0.008151858811604027
2022-08-30,98.66274532833701,0.0032120145462549102
2022-08-31,96.29869905738157,-0.024252612128597167
2022-09-01,96.67560671708851,0.003906303872634853
2022-09-02,97.36783033762794,0.007134758768465669
2022-09-05,96.62286440931157,-0.007680467265573391
2022-09-06,96.70686680198689,0.0008690065147802389
2022-09-07,94.6009766255998,-0.022016611591608972
2022-09-08,93.24758601984782,-0.014409628740157276
2022-09-09,92.91799656614982,-0.003540824178886325
2022-09-12,92.60566650099203,-0.0033670137281932746
2022-09-13,93.02985708516088,0.0045701524609952195
2022-09-14,91.746320346739,-0.01389310463835292
2022-09-15,91.40342113698216,-0.0037444727754480764
2022-09-16,90.89959545899006,-0.005527357364960908
2022-09-19,91.50939791539886,0.0066861256877504965
2022-09-20,93.11582884843232,0.017402513220419975
2022-09-21,95.09203703712843,0.0210010438377209
2022-09-22,93.35168806084478,-0.01847128056197629
2022-09-23,93.33057706888638,-0.00022617030100548756
2022-09-26,92.12509953446971,-0.013000351722937184
2022-09-27,92.08577609306738,-0.0004269394178348775
2022-09-28,92.58670185618352,0.005425031355391388
2022-09-29,92.70972854926843,0.0013278907844409406
2022-09-30,92.68765324738378,-0.00023814038553353025
2022-10-03,94.38496046687972,0.01814647009718362
2022-10-04,95.2384375484998,0.009001872700446905
2022-10-05,94.96057092322728,-0.002921853538453404
2022-10-06,95.02141610358571,0.0006405363307435217
2022-10-07,96.05328336502633,0.010800773681472791
2022-10-10,96.79260131040809,0.007667486072471346
2022-10-11,96.33383869248104,-0.004750913244409859
2022-10-12,94.33636358609814,-0.020952914093242833
2022-10-13,93.03733287509584,-0.013865889913272277
2022-10-14,93.23307978815612,0.0021017507001621816
2022-10-17,91.2875367786953,-0.021088322232148068
2022-10-18,91.152646554416,-0.0014787339761971338
2022-10-19,90.6896017162274,-0.005092830114250347
2022-10-20,91.81573970224063,0.012341033636566441
2022-10-21,90.40659456805638,-0.015466525881705467
2022-10-24,88.36588560824211,-0.022831227746811865
2022-10-25,87.95279911217273,-0.0046856888993212975
2022-10-26,88.65633177860617,0.00796715757912227
2022-10-27,89.8333671051357,0.013189023187128222
2022-10-28,88.88954694366915,-0.010561924198719316
2022-10-31,89.42387622514329,0.005993164971154232
2022-11-01,88.27002241938655,-0.012987165373148254
2022-11-02,87.51101082369816,-0.008635929586833424
2022-11-03,88.13993836638558,0.007161136712333179
2022-11-04,88.93391507319087,0.008967806510622126
2022-11-07,87.90449997744754,-0.011642568991282225
2022-11-08,88.4378263085444,0.006048779875243816
2022-11-09,86.50721144590842,-0.0220719977590066
2022-11-10,86.32729883234968,-0.0020819068859866474
2022-11-11,85.19007160423472,-0.013260976315340098
2022-11-14,84.39789871041692,-0.009342392082365819
2022-11-15,83.14445995255994,-0.014962928225732195
2022-11-16,83.72797014129912,0.006993516744067818
2022-11-17,84.31582642067119,0.00699649364518241
2022-11-18,83.64864102332399,-0.007944405343993332
2022-11-21,84.05590969081561,0.004856987677323181
2022-11-22,84.3493783966452,0.003485270637624503
2022-11-23,84.2489426140337,-0.0011914210520013117
2022-11-24,86.4895900950246,0.026248042395002932
2022-11-25,85.65122418686636,-0.009740543405678322
2022-11-28,85.69591675388504,0.0005216610885576426
2022-11-29,85.33345096484499,-0.004238644351546707
2022-11-30,84.98333463325197,-0.004111360175565059
2022-12-01,85.17586492511094,0.0022629440490977517
2022-12-02,84.9052025307413,-0.0031827484022757353
2022-12-05,84.06247300406983,-0.00997512112110686
2022-12-06,84.21735181925217,0.0018407299755167715
2022-12-07,85.45064504994917,0.014537979761047823
2022-12-08,86.4531073127989,0.011663196559741998
2022-12-09,86.69434777997357,0.0027865338609045285
2022-12-12,85.96273832281688,-0.008474761765587148
2022-12-13,86.1854252072426,0.002587155204793635
2022-12-14,87.3450877445868,0.013365716280151268
2022-12-15,88.63360456048386,0.014644271147923845
2022-12-16,89.04815709891355,0.0046662447147967495
2022-12-19,88.69069928827346,-0.004022286401994619
2022-12-20,88.50614591757842,-0.002083032993194456
2022-12-21,89.36119666049134,0.009614551128062055
2022-12-22,90.13176910137047,0.008586154578455005
2022-12-23,88.28147640453693,-0.020742395345655806
2022-12-26,89.01311479625336,0.008253410777507325
2022-12-27,89.80756156002265,0.008885460080354334
2022-12-28,88.88762034558357,-0.010296297100063278
2022-12-29,88.10621768139177,-0.008829773394684175
2022-12-30,87.33987671864458,-0.008735969177411627
2023-01-02,86.66013576197055,-0.007813153630274168
2023-01-03,85.22910537391884,-0.01665099504633081
2023-01-04,85.57986992148918,0.004107103154623363
2023-01-05,84.80643787372213,-0.009078632785210126
2023-01-06,84.76450246951131,-0.0004946060330954785
2023-01-09,84.28939250724453,-0.005620825396587947
2023-01-10,84.57749012752814,0.00341213025676028
2023-01-11,83.58722961598222,-0.011777404432863408
2023-01-12,83.86295153724109,0.0032931844987575953
2023-01-13,84.28562338178689,0.005027372191324316
2023-01-16,85.1566451299585,0.010281135022383543
2023-01-17,87.22191982082315,0.02396322907268789
2023-01-18,85.08922843403283,-0.02475522124305062
2023-01-19,85.44682256883455,0.004193772012477639
2023-01-20,84.75241742884538,-0.00815995409928088
2023-01-23,82.8460085604832,-0.022750704074933927
2023-01-24,83.71625243467106,0.010449567479679865
2023-01-25,85.09510659455336,0.016336398606738866
2023-01-26,84.72578642790273,-0.004349532525991091
2023-01-27,84.97023299762904,0.0028809955546641288
2023-01-30,84.93464464755347,-0.00041892088195788377
2023-01-31,85.40822829940109,0.005560372017118354
2023-02-01,86.34568870891714,0.010916428987083166
2023-02-02,86.73418730251824,0.0044892480283207645
2023-02-03,87.12530435877856,0.004499239153521907
2023-02-06,88.48333250026703,0.015466838514459605
2023-02-07,88.33958021922199,-0.0016259466661194201
2023-02-08,89.35480604511505,0.011426774855587397
2023-02-09,88.50871520604267,-0.009514005066298226
2023-02-10,90.26375931987172,0.01963501936060042
2023-02-13,91.098373321349,0.00920390470847487
2023-02-14,90.68979470280264,-0.004495114406697517
2023-02-15,88.44848180073636,-0.025024577765076002
2023-02-16,88.47911428313449,0.00034627139442619883
2023-02-17,87.26372143570079,-0.013831712905248999
2023-02-20,87.60871065453276,0.003945615238156962
2023-02-21,89.17889920175458,0.017764025873605708
2023-02-22,89.38162937437951,0.0022707175135578675
2023-02-23,89.22212274834642,-0.0017861513718942833
2023-02-24,89.6206252988138,0.004456464847950307
2023-02-27,89.95983463746549,0.0037778023533184997
2023-02-28,87.47551447311011,-0.028004369301426975
2023-03-01,87.75950380736383,0.003241242368846156
2023-03-02,88.44611444553621,0.007793328273412358
2023-03-03,88.20215454306377,-0.0027620996115124835
2023-03-06,89.27523265965353,0.012092708937686117
2023-03-07,89.1697632126059,-0.0011820948949959594
2023-03-08,90.02577244462316,0.009553985149764918
2023-03-09,92.54761336044103,0.027627261284745852
2023-03-10,92.47298590262236,-0.0008066935483176624
2023-03-13,90.37439368512563,-0.022955585991018965
2023-03-14,90.04160766510995,-0.003689100688907303
2023-03-15,88.22683697570719,-0.020360680057480846
2023-03-16,88.9074592210927,0.0076848539172847605
2023-03-17,90.34704012820178,0.01606221168839709
2023-03-20,91.13653916477683,0.008700555940610484
2023-03-21,91.51954087272351,0.004193698552955239
2023-03-22,90.84578562062832,-0.007389105490297092
2023-03-23,92.61222963204932,0.019257796951597732
2023-03-24,93.48589010474984,0.009389314543991825
2023-03-27,93.83839978563282,0.003763634680754601
2023-03-28,94.10229878326571,0.0028083238285588432
2023-03-29,94.26142166396663,0.0016895283038000691
2023-03-30,94.80750765866763,0.005776597087512927
2023-03-31,94.14523797436361,-0.007009926148739246
2023-04-03,95.91780951694665,0.018652999208041046
2023-04-04,96.12695357831036,0.0021780770344873193
2023-04-05,96.855522010131,0.007550653405670008
2023-04-06,96.3866394413277,-0.004852807332033119
2023-04-07,96.85515541953598,0.004849022402881125
2023-04-10,94.27212910100971,-0.02703102911567776
2023-04-11,93.04804789305716,-0.013069586541497896
2023-04-12,93.0455395526436,-2.6957838237549718e-05
2023-04-13,91.61265055053339,-0.015519677320680006
2023-04-14,94.36708508069141,0.029622968766382006
2023-04-17,92.52930096899473,-0.01966697576691266
2023-04-18,92.94669628217025,0.00450080898843125
2023-04-19,94.84513925551877,0.020219277841690017
2023-04-20,95.42789089667858,0.006125444712945016
2023-04-21,95.10658047641934,-0.0033727306405764946
2023-04-24,94.51158631453066,-0.0062757290059934235
2023-04-25,95.3115976380049,0.008429065865271725
2023-04-26,94.43372362819291,-0.009253248172510557
2023-04-27,94.3314286575722,-0.0010838333177050539
2023-04-28,95.15040033386924,0.008644383268616964
2023-05-01,94.83269680594125,-0.0033445483189156115
2023-05-02,94.96556696837605,0.0014001201222645573
2023-05-03,94.65278840813343,-0.003299035510588123
2023-05-04,93.59039551332599,-0.011287571242082404
2023-05-05,94.96871978864623,0.01461980581666573
2023-05-08,96.6034415007004,0.01706679488699591
2023-05-09,96.27069542314338,-0.003450399446840269
2023-05-10,95.99797077981141,-0.0028369139041429844
2023-05-11,95.8267871720572,-0.001784792067758464
2023-05-12,96.4821387702528,0.0068156392835093775
2023-05-15,95.47307757823451,-0.010513603182898354
2023-05-16,95.40509596965985,-0.0007123036666310853
2023-05-17,95.74012624265788,0.0035055086620297484
2023-05-18,96.51437957222547,0.008054505792646958
2023-05-19,93.37951176522232,-0.033020047298577035
2023-05-22,93.86548995733189,0.0051908385148221456
2023-05-23,94.28885167140298,0.004500161143029
2023-05-24,95.4693925783306,0.012442738840395604
2023-05-25,94.90159677769412,-0.0059651681826483486
2023-05-26,94.34613371946246,-0.005870238463228802
2023-05-29,95.7509444719442,0.014780199040036439
2023-05-30,94.00449605279672,-0.01840788047379051
2023-05-31,95.89383508275213,0.01989908349657679
2023-06-01,98.9151516370413,0.031020733510733915
2023-06-02,99.51833003934848,0.006079420216458626
2023-06-05,100.53048656280168,0.01011918168291936
2023-06-06,98.78403966937239,-0.01752498048519213
2023-06-07,97.99841768376542,-0.007984717440370872
2023-06-08,99.28511723413575,0.013044350566065226
2023-06-09,99.75203605953288,0.004691784163786806
2023-06-12,99.56994257100119,-0.0018271295563212502
2023-06-13,99.883526006643,0.003144429588074534
2023-06-14,100.52822009313316,0.006433717811843198
2023-06-15,100.21033595923419,-0.0031671484130444045
2023-06-16,100.2106013827221,2.648660279135084e-06
2023-06-19,100.20201485473589,-8.568849758721465e-05
2023-06-20,98.97932094792324,-0.012277347776931272
2023-06-21,99.39920190821297,0.004233135535509214
2023-06-22,101.60950821035873,0.021993030975357084
2023-06-23,103.77972883731465,0.021133545562234308
2023-06-26,101.99296797898864,-0.017366791550221104
2023-06-27,102.72971820537956,0.007197574638520847
2023-06-28,103.60208856693048,0.008456045370869275
2023-06-29,103.12907551101382,-0.0045761255538837005
2023-06-30,101.97839361728644,-0.011220400416548737
2023-07-03,100.4099385393383,-0.015499771770059779
2023-07-04,99.91049612461961,-0.004986445346200377
2023-07-05,100.3661356549008,0.004550109639286555
2023-07-06,100.21101953248494,-0.001546698109207078
2023-07-07,99.51386298270457,-0.006981197059157894
2023-07-10,98.06760436926128,-0.014639879576210798
2023-07-11,98.51567538129366,0.004558595100659562
2023-07-12,99.81956296558681,0.013148509363633466
2023-07-13,98.74997218818197,-0.010773063664413903
2023-07-14,99.31754772734006,0.005731147569784688
2023-07-17,97.13663220173838,-0.02220370292692481
2023-07-18,96.40701546271862,-0.0075395933072949
2023-07-19,97.28883388174658,0.009105249434189135
2023-07-20,96.02619476658019,-0.013063206512675455
2023-07-21,95.36558562619636,-0.0069032406977491715
2023-07-24,97.03612944342164,0.01736560194124039
2023-07-25,96.22019374962993,-0.008444127763030508
2023-07-26,95.27256721150725,-0.009897337830751172
2023-07-27,95.96678023776231,0.007260180343168065
2023-07-28,98.27885479871371,0.023806802757863527
2023-07-31,98.03091183118596,-0.0025260393675294235
2023-08-01,98.97404916306971,0.009574830323823199
2023-08-02,100.62059076236616,0.016499230161380076
2023-08-03,101.04980784077016,0.004256625954566863
2023-08-04,100.75829474452802,-0.0028890148142207217
2023-08-07,99.73918277636555,-0.010165920863505836
2023-08-08,98.08221691021916,-0.016752531531052776
2023-08-09,99.43423749493225,0.01369042094124568
2023-08-10,99.68527586956458,0.002521485748902644
2023-08-11,101.32787974794853,0.016343611309075197
2023-08-14,102.57340584107433,0.012217103796196449
2023-08-15,101.85243504832438,-0.007053646240331382
2023-08-16,100.44721947290832,-0.013892640398804256
2023-08-17,100.98120850906811,0.005302034995242995
2023-08-18,100.25273649809603,-0.007240082612094605
2023-08-21,100.74218526850241,0.004870269692008658
2023-08-22,99.89711526319769,-0.008423823251936899
2023-08-23,98.90463528719,-0.009984703038367291
2023-08-24,98.77200518177192,-0.0013418897144885698
2023-08-25,99.92035550280612,0.011559207444895806
2023-08-28,100.3236944066487,0.004028478743762926
2023-08-29,101.78801885495335,0.014490501784061386
2023-08-30,100.32748283605315,-0.014452740436662727
2023-08-31,99.09755193738825,-0.01233492569838758
2023-09-01,99.02623090624681,-0.0007199643899237838
2023-09-04,101.66907643398102,0.026338416599516825
2023-09-05,102.53094173914208,0.008441433362748477
2023-09-06,101.26241044240341,-0.012449352904536748
2023-09-07,101.20534638107526,-0.0005636854354924958
2023-09-08,101.50927390194401,0.002998577489615099
2023-09-11,100.85420245190167,-0.006474228946732101
2023-09-12,101.63472250990321,0.0077092998926780645
2023-09-13,101.4796088315764,-0.0015273536579776734
2023-09-14,101.15114784212216,-0.003241968618516049
2023-09-15,102.72843910015017,0.015473081446309751
2023-09-18,100.67757281797492,-0.020165930825923422
2023-09-19,99.55710488598785,-0.011191664101416324
2023-09-20,98.61996148053531,-0.009457707777289364
2023-09-21,97.65604082057835,-0.009822172839984376
2023-09-22,96.83964641435563,-0.008395036543496505
2023-09-25,97.44305852987819,0.006211711494689846
2023-09-26,98.76828846340561,0.013508393940924162
2023-09-27,99.89494476200409,0.011342495127870663
2023-09-28,98.71474583848614,-0.011884745518348108
2023-09-29,98.62209474004312,-0.0009390147828384854
2023-10-02,99.19350155745977,0.005777182561697884
2023-10-03,99.51441808852945,0.003230035427425313
2023-10-04,101.1213729635615,0.016018968794110813
2023-10-05,100.34030884605252,-0.007754010826528122
2023-10-06,100.56389836621211,0.002225833053209876
2023-10-09,100.12551625909995,-0.004368768578873061
2023-10-10,100.46279518048489,0.003362900229074278
2023-10-11,99.20522644077127,-0.012596762952276356
2023-10-12,98.13984449578159,-0.0107972526514909
2023-10-13,97.31781985336875,-0.008411330317461843
2023-10-16,96.6956178134778,-0.006414031733860561
2023-10-17,98.54301597783083,0.01892507918759316
