Day,StockA,StockB,StockC,Bond
0,99.32247987498913,99.80219319302212,98.9746599787356,101.4707658203408
1,99.78171916617922,101.09673208745687,97.6666090490048,102.49105655871323
2,100.82454032584639,100.97519409999352,98.44257220570196,102.07109105737311
3,98.46262823517318,101.42214878185757,100.4882600014745,101.31970247900455
4,99.94397972023592,101.94422141270279,102.28699650933488,100.04115801991446
5,98.02576794558142,100.77614228504082,100.88512221459274,98.38172781904942
6,98.54305973717149,100.59716233609358,102.61412060069006,98.72715262917072
7,98.80583366490752,100.95409227346973,103.9847123711789,100.57604830231845
8,98.22854122075309,102.51941923221304,103.3808607521771,99.53220943882161
9,95.96787756479212,103.18882944954733,105.16661519721961,99.58832963149698
10,95.23542844669952,102.22528833518297,104.55618425561705,99.14017336969914
11,96.29370077082179,104.10120412953545,106.73384113565308,100.44246390756513
12,94.51003737901263,105.52165655667586,106.53463502577394,100.0986681835437
13,96.05330054828353,106.29796253884214,105.94565053061483,101.26707710264782
14,96.8722102492991,107.647172235554,106.54090444802333,102.4672556018559
15,97.17399458255707,107.87874879997035,108.287268082288,101.26453096479784
16,97.2724410900067,105.57812629524597,107.24857199097124,102.04682801014837
17,96.27703839933007,105.79262223483425,106.74116151444517,103.57041652451446
18,97.0147909904949,102.79447857825423,109.32572286797453,104.04698204493847
19,96.85626120741753,103.29166957215566,109.18928401475974,102.057701568552
20,97.86272192974342,104.20803888897198,107.64414351192721,101.77868460686459
21,98.6796041678746,106.09482076239085,107.59587067175306,102.41700141183267
22,99.79005143070246,106.21944779135129,107.93187549311634,103.50545195441856
23,100.45614423607286,107.29927056346635,109.14894731056054,102.16363167021416
24,100.36494952896007,106.794852666655,108.79906726798161,101.87652551577034
25,101.834524861988,108.72919710767125,110.72928245338952,101.36975838799975
26,102.90691724517839,109.74677210385111,108.63919383639768,101.81023179348973
27,102.05842561173928,108.34134484634784,110.60918066894668,101.5108428370399
28,104.17201160636884,105.92893705851168,110.11966623837857,101.71731127563659
29,103.4156564476862,107.63511039157709,109.2248772048186,102.65520907602624
30,102.03861911871184,108.62020893020197,107.07443282641663,101.30476581417281
31,103.08258854541421,105.44726576378214,107.02218624659479,100.45660553938949
32,102.13623679985496,104.86383683968712,108.82677393617375,100.34356806046681
33,103.64987265266676,104.93703220002163,110.88237341980822,101.96537250023255
34,104.74265267096823,106.78851953344505,110.8262621557926,101.03917481121081
35,105.26230717304534,104.39177159142001,112.12383954477751,100.95460508351992
36,105.46705555418647,102.88148944544832,113.07272486725546,99.44914368824236
37,105.11563032121094,102.18924636193434,112.19377571264178,99.71178540529539
38,106.4246534700902,103.03744753708234,112.49765371456417,99.20620103449403
39,103.99753976063597,99.8068467709383,111.88414606745316,99.31072506796338
40,106.42548430370107,101.00107264679905,111.31889899078988,98.85431825462749
41,105.59994290869703,99.88548589718363,109.35274459830752,100.57603024185251
42,105.10671302430288,100.39916706200336,110.83211576232156,99.75972118579402
43,105.57539030076539,100.29178371036613,110.55324475729371,100.61513265136024
44,106.6712612218448,98.6164994165397,110.55318321698844,103.20979264926484
45,104.72890334559611,98.02429997546416,111.4411021073147,103.46461014205627
46,105.85996540314116,97.98776068587115,110.94878674673608,103.49392499566767
47,105.45217776777369,99.79849568321922,112.8166599516717,104.5399533309731
48,104.05640239410138,100.69024806428347,112.79381990970631,104.95763996831342
49,105.5265592672806,101.72945665425148,113.59632699084776,104.00624921166659
50,105.80231782622653,101.40137963094045,111.84408509762842,105.12717746004996
51,106.93307186825338,103.97139761850292,112.97636688055042,106.06204714283774
52,109.96863197212062,100.29545717965529,110.73106513643025,107.09199780847113
53,109.14949108698578,98.48126383511654,109.99681561772405,107.62309607778298
54,109.91244904317551,99.24580625099341,111.43744652678458,107.84240543191233
55,105.18998904459431,98.93133744581964,108.77979502380914,105.79540013143689
56,106.98550409187713,98.7387841014555,108.87804917915041,104.7856856065541
57,108.4461893784286,98.53599981991817,110.27514897782899,105.06580268191858
58,108.31818026205333,100.19506697693234,107.99721828228353,106.00858529339246
59,111.11450019113525,101.77765723813607,110.76121745473027,107.25920776854396
60,112.24269054570588,102.9687512343388,111.07706215868643,108.42241520802045
61,113.61239605339075,104.42434670121654,112.96146785426853,107.97115764688276
62,111.05687423528173,101.2481789611374,112.55961191618597,108.37422334054807
63,108.71346777654767,97.27226415408236,111.8702379108128,107.17134445014125
64,106.36053332174671,96.7072152406105,110.30743945357466,107.78771002135193
65,106.85307731294813,96.0735402081826,114.99685534348525,106.52140344216046
66,106.60626741248538,98.43445866189565,113.65909561447157,105.3625177533988
67,107.86711087084626,99.81581225036618,112.36104962368117,104.1870362287411
68,106.01035842431679,97.9713197052042,112.35482167357354,104.29291837564607
69,105.2678506118319,98.36971607086717,112.26045384053522,103.90153403610998
70,106.27999534693919,98.78634437226043,110.09177554676097,102.82470858647208
71,101.48695274070005,97.99694112930922,108.70358203014838,103.00582862746587
72,100.58830227209774,98.18342546129327,108.84855927565194,102.46012982204206
73,102.28697558223614,98.43160029459601,108.80980569819305,101.93288780866814
74,101.57778502703982,97.64448967087071,106.95325284584554,102.47063251126585
75,102.33651876293072,99.3537759130778,107.13727778012812,103.37848398046674
76,102.87697470252482,100.11497760178128,105.71227121397601,102.96132671195599
77,101.87031359681713,99.46924501922494,105.53863348170924,103.93533374859867
78,101.88693212198976,98.68952669229499,103.11384886665644,103.93330530384213
79,100.84586243155131,98.45270899684246,102.22687971267541,103.71929819504962
80,100.92954670947023,97.18378558228399,102.94360986448912,105.69955443661678
81,101.41701397713119,99.80750966155489,103.02341156895771,106.9325720669472
82,101.27331327625954,98.75055634255807,102.28593501285481,105.85828426840835
83,100.86166838310646,99.83200485033541,101.37654426061324,105.85088849009519
84,101.83060154782169,101.32767217048007,101.80689663106321,105.5325715293773
85,103.2671649012465,102.26092602904704,102.26977499057644,105.23467879192027
86,103.88966153206374,101.94180647923652,104.1885635049197,103.72641009376021
87,104.6575969910295,102.94804569768748,104.66938690833614,105.42719741310793
88,103.47216699407313,102.28299134213694,103.90940125471802,104.23114600431916
89,103.4205699940902,102.87722328406323,103.66084536031492,103.46332819020468
90,104.11432810353784,100.91070331889343,102.92201872943092,103.71226049778299
91,102.91904580792286,100.66049403324277,102.16427704280335,103.6306272380785
92,102.09483158870918,101.19056935667605,102.29187056948518,104.15096186750819
93,101.69465284023464,100.18181413361724,98.38799675144662,103.31870816151284
94,101.36716471320217,100.48118759131803,95.31227577883635,102.6037426914789
95,101.47797478973528,100.76438387377611,98.32053257294871,102.02972794332142
96,102.58453976430944,101.46705323563782,98.6993872783956,104.10157960696324
97,100.58516392448884,100.36529153965282,98.94960663805699,104.31112701961189
98,104.28755782683442,101.03721332886447,98.48957872834055,104.23509956209016
99,107.74745527153624,101.58242949131862,99.88344588475235,105.82167974759365
100,109.42532792054061,103.86814833017901,101.52621553007157,106.25636091992708
101,110.43072506542491,103.25064492225981,102.94312114333535,106.0700925133351
102,111.09286036120267,103.27409081891648,101.92908714211512,104.97812442619696
103,114.73656076115815,104.21153246831061,102.69227240793415,104.57282451375012
104,112.93739298104337,103.10284433247881,99.96612117857583,104.46381376627956
105,111.59212583844598,99.07323875588017,97.94183103831223,104.9322798719628
106,111.74011135149505,96.6582998724644,98.05372865572717,105.34289394884175
107,108.3755310569206,96.58505682779364,98.72223989521154,102.94288607735729
108,109.87430312386543,97.1482737874524,97.27090639367812,103.25643987340342
109,105.82363409716835,95.64721914453096,97.91161067393229,102.69234760803624
110,104.78457435360096,94.1841673638525,99.71293097710895,102.28124771068067
111,107.37263322704489,95.32279852935956,100.36208782726446,101.66889575715501
112,107.02498829870906,96.57966683422508,101.22896014787916,102.7574462820062
113,108.82627900855282,97.03327691264539,102.58522870352533,102.11386088418395
114,107.97445218439398,97.84713147890967,103.54557212400744,100.92647443850673
115,105.12197654674418,95.36096393732514,102.45832102457986,100.65081911991894
116,105.20814225172784,95.93428083508906,102.01738445050883,101.50994394091333
117,105.54442710029714,97.09226700604539,102.92288171138779,99.3533603577974
118,109.36291817647124,98.55562059399435,102.25684583005861,99.60220334427208
119,109.62861367835046,99.33289663131461,98.41107383575498,100.94058822443455
120,108.47843541311349,99.35255828353003,100.45049725368138,101.01292826746086
121,108.12927724203551,101.1342614811098,102.19021959985764,100.08880742951976
122,106.54730449638265,98.4019813867796,100.45645000452109,101.16271312278147
123,106.02618504129939,99.85687601572411,99.05358439426257,101.90058623856493
124,107.18754239076856,100.83145795557317,100.9432650779471,100.66732166902142
125,107.35160824867562,97.37835579088865,101.11239687291153,100.8142245354359
126,107.74450717953528,98.26062336797722,102.47382803938329,100.06287681853152
127,107.00409160172019,99.08175510987839,102.38471573292371,100.07471752785023
128,106.30453464301046,99.70063646351733,103.51422619470053,100.8285145596753
129,104.70898021463341,99.97413658579241,103.23986525576478,101.51255370493897
130,107.28591740426118,100.90657626580727,105.44349143813517,102.34703900492259
131,106.23778097858711,102.33765840534717,108.49117153823052,102.42340665026279
132,105.37566662376467,103.43880813949909,107.74120789537207,100.83700681711369
133,104.2069357317837,104.19744226527388,108.90489604312887,100.86693942669942
134,105.34894135011679,106.20960511989395,108.74503735801271,100.63209847479612
135,103.22859270117348,106.42602862255505,107.69638468598517,101.97476423350847
136,105.98381329421775,110.38434168423157,109.74064138233555,102.40907848580743
137,104.98945001602362,110.611790308899,109.46357909579861,102.2182794830207
138,103.81113675843294,109.29357702535067,107.85183465849411,101.61038596850862
139,104.23954351918606,110.6034077324375,108.03003486955865,101.37469600130736
140,106.05405633885641,108.98420127862471,106.2128783912228,101.05618816457762
141,103.6280774150549,106.8371611869889,107.41050541661095,99.59242016467392
142,105.71260938836198,109.13614381327663,109.41609012879489,101.62798346301057
143,105.49734632073222,109.80157394039539,108.16701549379391,99.50188327295356
144,105.46607057825457,107.77118385266793,109.45605613559823,100.37298022153736
145,104.64411176508844,107.88333431983123,108.60980201958183,102.61629797503855
146,104.62069558050493,107.31299334108849,108.88718393124664,101.68276475437123
147,102.81000175205189,107.26054821047764,108.22955065479955,101.08348608126501
148,102.82224975240466,107.15248744193606,106.50649226877842,100.61468266983955
149,102.18893471150719,108.05171780253944,107.57268359277859,101.02808966088386
150,100.51475580862363,108.39932539673052,106.17249624332763,102.34405073608954
151,101.59333705220523,105.94265319486765,106.11465855692894,100.88644804879496
152,105.46788109878504,107.0983689779722,106.75278742880823,101.2597140986293
153,104.70182773917954,109.30459735971279,104.095002418257,101.67322197360879
154,105.37398310512475,108.82644278881648,103.31345032282965,101.92463578991647
155,107.30425777637191,110.36504264396476,101.9814730953123,103.65668288859429
156,104.41486613857003,108.36629703566267,101.69968120583775,103.09177554188761
157,104.83875261227735,106.09715666791486,103.23413174129774,104.38298520351135
158,104.56947662524819,106.2874376056316,104.5700493311705,102.64220263112378
159,103.3449715058128,104.69515144823905,105.16016892344675,101.02972155137253
160,105.40961094165178,103.69144243750286,105.3113706696197,99.5640924172899
161,104.83907369205374,102.63694931506255,108.61577774950067,99.26106384462005
162,106.22272952124867,103.28464493067129,106.62530047396443,100.61098463719932
163,106.2572355598847,106.09175170765614,104.3597768664164,101.08379683456621
164,106.32117060410691,106.27363045365938,104.16425576595091,100.97930849242209
165,106.66876300267072,107.50171760801479,104.9098497222861,100.59441270601319
166,107.60124911616344,107.9167625862703,105.92354396930799,102.19296914455302
167,112.84661683334201,111.1032734426346,106.80611550238253,100.84130458458631
168,112.69586435421377,111.10180874630382,108.82119312060333,100.00674524884663
169,116.24567548385616,111.27749463502528,108.45653835788431,101.55160440460524
170,113.86086643876045,111.09442621814235,108.68873844271711,101.8634097867935
171,116.37836997300775,111.83507930390171,110.00732072128918,101.71855572713591
172,115.61361695680452,110.21428215108506,109.64634697452753,102.66991718469988
173,118.09112070690557,111.38979865464353,109.90985382722893,102.66474675760308
174,116.62035883341197,112.81337905716964,108.89743810370942,102.5762331047656
175,118.45573111212231,112.23981902929194,109.9210867507594,101.18499369367915
176,120.97959167053398,112.5318816710477,112.88038768350341,103.07811314263881
177,126.1519078428201,113.65849900727005,114.33737010140688,103.42272567982857
178,127.41430891991892,113.81194433518233,114.90851456982622,104.64669295395326
179,127.33963869575653,113.33922435003265,115.21249380160967,104.52932344851193
180,124.46911489857332,113.6349704464366,117.0661670927555,105.11097031352654
181,124.01588081510239,113.60351564439506,116.960814136733,105.45135414763074
182,124.22366864976257,115.30276256413046,117.5373013640623,104.63288270702884
183,122.01958604305622,117.0851721136644,116.39321758395972,105.21849072258537
184,123.13088571004474,116.82262994683805,113.87334202490848,106.39625605416181
185,124.50979701199083,120.0026772366972,116.94917692724142,106.80563967157157
186,123.06010906206244,120.33832162838655,116.39086865705252,105.96914226873555
187,122.39371303050102,122.14085403554861,118.5742826124429,104.65408494804349
188,124.59013434752266,121.34144250135124,120.6174953489526,107.40497596643486
189,123.72576238648875,119.85009627829042,121.15335201718538,107.92331234560024
190,125.60850960241319,122.29208156980158,118.55414017392893,108.29853805028694
191,122.84292530184788,121.24790371906353,117.6498506379267,109.93181168899501
192,126.11608274024309,120.85745326990434,116.93437293441713,109.53104394358975
193,126.56779438084797,119.75979357159865,115.19069876473631,107.78707704174464
194,127.44187960427166,120.84588371235068,116.17736993450885,108.61360582322943
195,125.7565228496051,122.1740385675485,115.97550398759789,109.32301713592125
196,126.31680333658775,120.89842558191013,114.10015051961102,109.775876878367
197,124.73886652733653,122.97121429116444,114.18490838884865,110.1371094844495
198,122.51544793882636,123.03928654683057,115.62581362170377,111.11165610497584
199,123.37083454216149,122.45271398754002,115.4690283728088,111.15236604460132
200,121.44139479601337,121.91889013693311,114.52808899980593,110.48161878411867
201,121.94624855189882,123.07280778934604,114.82953473424176,110.12442600614743
202,119.04665257087541,122.29909027767063,114.00879479362702,109.3849062176618
203,117.52144266099167,121.17964896674857,111.19441585894971,107.62474293817021
204,118.01847555433807,119.87691997875713,110.64049980969237,108.67741318866686
205,121.0177797647662,120.81874495288636,108.13870109591402,108.687689767569
206,123.83035930058183,121.15400261900602,106.41679701111121,108.41724783329967
207,123.91878542464279,121.22786762802546,108.40196072271526,107.39497068366866
208,124.69397984504162,123.29863762238166,109.6934923885829,107.89864649631207
209,121.47835196278847,123.03454489823997,107.30741320928307,107.49960933350162
210,121.96013207011865,121.60122589791851,108.47272443115841,107.75980526146508
211,122.13873936553652,120.76744672267243,107.94983609950306,110.32807553084416
212,122.480401990186,121.82238895266559,109.4464082782174,109.8302914698824
213,125.29949280998956,122.57611016652568,108.1505944528675,109.53695714552047
214,126.98320884151262,122.75503245099348,109.52347657230017,110.32897308952502
215,125.3090436901251,124.90241683274353,108.05998082113213,112.47336354804887
216,125.97255788244641,126.32890076910248,108.49564326713097,113.04998153997164
217,127.21748857523761,123.35689704252574,107.492911108654,111.94882045830464
218,128.51855806602148,125.69291828188858,109.1791406023952,114.25514353768611
219,129.55863870830032,126.01135183397642,109.72417394319808,115.70358901218789
220,124.53630070481387,122.66483247939736,107.94705798898656,116.23109663237653
221,125.740144119361,120.38629654264392,106.12722232176691,115.70030911866087
222,126.27280013509008,119.0449963523978,104.38975243508268,116.2233360955368
223,126.26279136910772,117.41162927852746,101.59992134961465,116.86951866292286
224,127.19927973600971,118.45162085384129,100.44670394853499,116.16711034840918
225,126.09076853778586,118.24588439903651,100.2420947645029,117.55251895632328
226,125.39235105616677,116.96655435365393,101.52713946887415,118.17974928188657
227,126.68558939530139,113.85006043344137,100.7286861433088,118.17460320358704
228,128.04107039426137,111.98856259175005,100.23184466504722,118.38535132625229
229,127.14433468508157,110.80610526610306,100.12621928943611,118.40580655012889
230,124.39507773195677,110.68742790469261,99.2705129263963,117.406661964654
231,120.65266591447606,110.29656124188105,99.18285282782449,117.53131222946807
232,117.86703099461506,107.93019539103044,98.4272507337327,119.232903822142
233,117.98794970047695,111.96635521979812,99.8522878372362,119.16665905360497
234,120.44388111794365,112.8119431883799,100.37073084657979,118.7982235283496
235,123.60424104972338,114.02497261551294,100.67646823859873,119.08383931893296
236,119.15320307207138,111.90555075977495,100.85381294715286,117.6592662853771
237,119.42498563841603,111.57017627676427,101.12764270236181,118.04774051838798
238,122.79377650213736,111.57059402573084,102.06884456546783,119.59444094463885
239,122.92753391537825,111.07823736445535,101.06506152349428,120.11331292730965
240,123.39913948338437,109.14892132915901,99.96903636378008,120.78046547704358
241,124.78984793042844,107.32206327114464,100.47088653981938,122.78444533912756
242,123.42872436714288,108.85142412329125,100.7503584306656,122.06967474145148
243,121.47373275859701,108.46419039334778,100.58509930445285,119.5925152176162
244,119.08398866742273,110.13099680914719,103.33699880212389,120.45733973039216
245,118.09925922722648,108.24075113741232,103.55060125052876,120.06717699080558
246,117.29834163315802,110.14647963351875,102.29086318488845,121.36448562306603
247,117.94742136465437,110.82741780765733,102.24223706600628,119.06451037436858
248,117.3939712015544,111.19006524975057,103.74317033048509,118.69770573415235
249,115.178458679105,108.03867856817524,102.52466600783023,118.82631107303416
250,114.16770779996332,105.73703145939417,100.91272056031171,117.72926907362609
251,113.78121572635635,105.09458764657869,99.26917505735422,118.41506847497125
252,112.10297953994117,105.18092346600818,97.11667937343104,118.6062042369735
253,108.93363763410791,104.49193648974054,93.70853990321145,118.60897379730982
254,109.30285261673957,105.43693778282596,94.73759692755195,119.24619946392703
255,107.87369695449276,105.09417523410431,94.52886509889646,121.62751699468197
256,105.9378125012024,102.79960053100268,92.91604257324482,121.33949739403138
257,104.25360601398614,103.08630404474198,92.8678140480086,119.23490419171416
258,104.10947318966568,101.64045772376443,92.91052801138981,120.88302710137914
259,104.41800472645069,104.25986719623496,94.14110500985885,122.52031482169068
260,102.05455156010666,103.45294425005653,91.76057163162749,122.23725472328051
261,103.40403693673974,103.50673760375815,91.0630717576948,120.49666173309808
262,102.5554697080831,100.28465640622679,90.13855475851808,120.46875861310518
263,102.09563068709748,99.33246858474232,90.19708708333293,119.488925550191
264,103.39328047226586,98.78038413812612,89.45559766720251,119.12317091040443
265,100.23137687639405,101.19507157782306,88.380019255264,117.19801718304583
266,99.3403252370376,101.67309150118604,90.17500651683355,118.47728601992351
267,100.2344152305352,101.84200760693646,90.56658228953543,119.14093928884427
268,99.32017262478118,103.524763210922,89.87135151882507,118.75472472001451
269,101.27207695388967,106.45366346842277,89.89666779417743,120.36724648101067
270,101.21475692267379,106.73557156160298,90.64508815243371,122.86279140821136
271,101.38017502235373,106.55276654303,89.28632816611511,123.20599306977782
272,101.56736301313654,107.02268505791255,89.63619638889153,123.24269036269709
273,100.89299875898048,106.63551920999492,88.36416267445087,123.0846490858437
274,99.24837051561978,108.87234536465262,87.93928468358004,123.70099610994257
275,95.99066513272005,111.68818241230252,85.88636956302793,123.7055001569673
276,93.99944467423352,111.89531460621349,84.68962738213196,122.30085273377114
277,96.32244974388232,110.75279888314375,84.96240632359698,122.6433705010197
278,95.71476417044693,109.34258150296603,84.07615761365261,122.87856418115115
279,92.71822221723512,106.58700025562908,82.10318683356105,123.56451694010894
280,92.63614440974749,104.84018844040513,80.47207271640555,121.98230559515405
281,89.91056560791253,104.3088019350415,79.25085440484688,120.7753499507912
282,90.32405882472776,104.27144842111846,78.99867009018352,121.33980983918427
283,88.72894499541079,101.83203032269795,77.98110119311775,122.03293585722209
284,86.5271898691553,101.86504812542164,76.92379930899115,122.70776822530527
285,87.90541844289747,100.95809445836674,77.01148285656434,122.88284312545457
286,88.0082064629754,100.7087253385637,78.00431824412946,121.06589901461288
287,85.51029344444835,99.41131149054682,77.81209298049066,118.03550515794925
288,85.52463667656114,102.04209284399319,77.2430866505535,119.64427017016442
289,88.24544982429923,101.53857234344297,76.51464665586151,119.52416389594515
290,92.71348028301591,101.76623896341343,78.925426878751,117.98162504785113
291,93.80674738821023,99.35425958698802,76.58964143180835,118.51011367127154
292,93.9893314753213,98.4460207659071,75.42696413692002,118.78450021928396
293,93.69553127760906,98.02793785218991,75.97681282064843,118.34699705989445
294,95.54207899087324,99.50580786191749,77.96211896421723,117.37811751182636
295,96.86377623872077,98.90991238452054,76.79972870734937,115.64816068997187
296,98.72411997734505,98.69391155674792,78.12064079151654,115.48513194349843
297,97.34532549524825,99.15777097938681,77.82643423092924,113.92101834778714
298,98.00004368837595,98.61051662394777,79.52002593764766,114.33875861636761
299,98.49530506902498,98.17642947902011,79.29079554179711,115.88705473859615
300,97.99111839369942,98.43337432465722,79.22056270080085,116.51582319849759
301,97.88474792464544,98.06459285602533,79.7662676129523,115.67208666956834
302,100.95651309137452,97.53544683997809,81.48436729861938,115.02086807630204
303,102.55993324450978,97.28583981653885,82.14074590782123,116.53338015530554
304,103.36566581233268,97.08025558153562,83.380645341032,119.01323076111426
305,105.39614225604879,98.41203071272366,83.70892560904352,119.88478247906194
306,105.59136034629324,98.79170648190173,83.8626501455869,119.78884628476783
307,106.35481694290027,95.82997504450415,83.1290733077881,117.81986843172277
308,108.6031442018615,93.26453978751455,83.4111146638632,119.5340632076474
309,105.79019081545991,92.16069674149696,81.80884150272853,121.12195144746917
310,106.08825964956645,92.53098807956349,82.63453111920627,119.96547659751823
311,105.93854621191929,94.25797371063425,83.36292035835915,119.29571779492557
312,104.22390123729095,95.35769127272223,83.26985119464506,120.3191292748955
313,107.69002059337555,97.95694362276939,83.64809433853303,119.5920276890561
314,105.63553550041867,95.49281511752145,82.91130197099143,119.01190789841749
315,105.20356060428225,95.2933643649789,82.0071881526391,117.90297601096013
316,103.7447258728374,96.31715567650407,82.27343693741632,116.87552559919227
317,106.13041192039591,96.65719889090244,81.67322060921714,117.87709101610932
318,107.66981352895839,98.7413161212163,81.55339809867482,118.50865691107376
319,104.95316140533978,96.12958274962297,79.58621502417024,117.61167162272359
320,104.77936848017171,96.4266001530906,78.97625443059023,118.79355692782462
321,104.13522149277466,97.26831213830674,81.36235022418812,119.37229549675199
322,103.57380593778487,100.12518613732408,82.38402383424626,122.67942704574652
323,104.41980548655978,99.52733461069288,82.16513071993865,122.565279910709
324,103.00281417939814,98.93048954210673,81.33393275644237,122.78037186263857
325,104.84702747803283,98.85225269129613,81.78444951001464,122.01020738913651
326,103.34080339003408,99.0711534856236,81.56796600403854,121.91558974661156
327,102.30316713580514,97.44212251563906,80.7190961413906,122.6048558735881
328,101.12472247628573,95.72419742922388,79.55870341541544,120.68964524369572
329,102.14020884683744,96.78636604426485,80.92553817431742,120.67868308507228
330,102.52989068164042,96.23823225328857,80.86909872968967,121.2240447318742
331,100.47025234379745,97.28401885054393,82.04090408457697,120.98543437920932
332,102.88949960019067,98.81364299991057,81.5705406547658,122.94302835618151
333,104.6330066461874,97.97479302572343,81.31187006679748,122.58546335870749
334,105.10710281613822,98.66474153458293,82.19069714433884,122.91636157496211
335,104.95270726752153,98.63136543399357,81.74571349219416,124.37802770124382
336,101.60521790893029,97.31487974373778,83.56433484542602,124.94516057174454
337,103.07674263520465,98.52308924090099,85.66626091779492,122.96769504269935
338,103.14924102356314,97.34303405669772,85.55386671476491,119.64481668914306
339,103.88447815675126,96.78379423661842,87.24865107545129,119.78544059473424
340,104.58557247297774,96.54785473064328,87.0262627507374,118.6745594745744
341,102.9390297088659,95.55751430000028,86.13198881304378,117.32273798579249
342,102.58437706146921,96.45785189937033,86.89897339613741,119.40137263759732
343,103.35634181053723,100.05369014228658,87.039077351029,119.78436984636103
344,104.94101430993365,99.3748768027139,87.9646888745624,121.96939110164521
345,104.21793268721741,100.39218550219901,85.55695681904403,121.43249635352001
346,103.750168532769,99.93529549917363,83.80848634626051,123.28273407649681
347,103.22776557780533,100.90865704073346,83.55154235914367,122.57670145324057
348,100.61534273875058,98.40430352385155,82.32312709114944,122.24065792470489
349,101.87903445757895,101.42102423276238,82.52511193595834,122.03397170607519
350,104.01451977351581,102.75136710226688,82.22737858782526,123.32667451897414
351,101.548085720338,101.30399010454983,82.9109592652304,124.69903451757854
352,102.07202380547847,102.60852503398512,82.09853895642615,125.68323711639005
353,103.23645766068843,99.79663549385984,81.89938122506433,126.54057619295173
354,103.79382820047425,100.36265496561268,80.53047485792116,127.39194125041273
355,104.07478475752814,98.81121200864682,80.22429873970349,126.1367346101459
356,104.31512448805394,102.87579414835484,79.6746909399849,125.46283128822553
357,104.41225422233475,103.47422306578127,79.6792368610295,126.58863338773385
358,102.695713575216,102.91761631739429,79.33582163338819,126.7221208579846
359,104.5910899475958,102.05194328262859,78.82662045587921,127.72892929936737
360,104.9760858638783,100.6285089728618,77.95733355854844,125.9507541158944
361,103.69165612624161,100.39812067893894,78.26585574334912,126.52334695188661
362,102.04691940556678,99.04613666127418,77.17839691341484,128.35086397211123
363,104.39698485942547,97.21302348183511,76.02718336550211,126.10824391745506
364,104.0560365665808,96.79059738999318,74.44059652306221,126.93533500610572
365,103.17002809741815,97.93847091515838,74.9342452262259,125.95484522080302
366,104.9090233290619,98.99946701469358,73.94726725811537,126.84199955042546
367,107.33183584553647,100.69859073988998,73.76348021103199,126.59503331937097
368,107.3147495648453,100.33349997149377,74.49110109066164,127.32511834496856
369,107.72508201260193,99.69051415232948,75.19763170210058,126.68481406198077
370,106.9006150485104,100.29627126719878,73.42854580599614,126.29880446001627
371,107.28760899115521,98.7064268541134,74.17562682768761,123.85222499980134
372,110.27980956639254,98.7083466957817,75.48026837352857,127.21306310604514
373,111.55255128502353,99.82682808689522,74.6866375599687,130.08799371371907
374,110.06270048881778,97.15524008945478,72.27771953894604,130.41248320165465
375,108.24891000682449,96.36288970626742,72.50021141370932,130.10694662615074
376,108.20138949014844,97.21100646873238,72.21136283255288,131.5041633685054
377,109.24897949980034,95.34203592455538,72.75939310662531,131.01741934811722
378,108.48401810921528,97.561766462608,73.66649838603404,131.1332026313271
379,106.59788806655011,94.69809945384715,73.37004276505397,132.91196913251193
380,105.53445145887268,93.01274626447511,72.6133927282904,131.2981708201224
381,107.46119367836235,93.40964371175157,71.28595636170051,133.64459086595951
382,107.2963798225255,95.08080777467224,71.69108211064511,131.57258487759577
383,106.7606512755025,94.82866425596426,71.84335961001453,129.39948546509422
384,105.5219999879706,94.44950286476148,72.44268981640523,125.51100093582626
385,107.720870084345,94.07216996396748,70.89152409337719,125.17049823397876
386,108.7565481562803,93.77460556402832,71.96536611723803,125.54598820078272
387,108.89918468934474,92.04470275243752,71.32655791327153,125.05802686148648
388,109.28482813365663,93.42067850014246,72.24967680675857,125.7462256814257
389,107.6906323626747,93.9898911311968,70.68110710070764,125.4490851079178
390,106.3406557619561,93.21815122474366,72.65558490438733,126.20822040273019
391,105.08731888781557,92.70600616833147,72.19653842201735,126.68469829416684
392,107.05250061428424,95.272661255973,72.72950410291061,125.71565225483516
393,105.53220695265624,96.33945807437453,72.45111219826671,125.73207819737446
394,108.72738756105625,96.80495081326507,73.8736571265231,125.03458804275158
395,109.31956266338993,95.13171695691963,74.32806531660697,124.88262266737445
396,109.5083294644821,94.31537574405723,73.78185365950678,124.34748183878568
397,110.75530612934095,94.87508241443899,75.11514962451626,120.89316844339292
398,110.50752439193106,92.57547306207852,76.49439497735273,119.24176392627399
399,111.74939318970137,90.49778747242854,75.64960439541186,118.19831176470872
400,113.30641599009788,89.42424879577125,76.02827758917634,117.20756248973379
401,112.99430332382441,90.51724363526607,76.50979547642436,119.23891571949868
402,112.37107235888966,90.44338742854556,76.55432985491025,117.33453968556604
403,110.74182379288189,89.22847883881464,76.1824543252109,120.74726230714847
404,109.41277606864286,89.1875083104708,76.50469657745894,121.99830989170614
405,108.20711921763662,90.72071765605176,75.97976839871473,121.38107282703494
406,106.45486625076683,87.73065905863236,74.86638895308828,122.33095753529551
407,107.40189085114315,87.40917604114806,74.28363187133581,121.37023992887224
408,109.25636600107013,87.17172167367801,74.80227539094513,120.99256383948209
409,111.69056103881184,88.93911387827765,73.76942794894023,120.2860648310357
410,113.03529686554157,87.81242431722448,73.58081384380493,120.76719689783653
411,114.91618432664275,88.33663346513922,74.40550833108388,122.16640881346311
412,115.97443813191673,85.59273774043193,72.68212812023945,122.26566541299282
413,115.49085502389474,85.89204272350204,72.37661052943685,121.9459477124051
414,116.24846256937171,84.20871573450684,72.82668697043005,123.07704314433445
415,113.65518120646834,82.15993471522127,73.58822569178955,121.72007572106891
416,111.54823461745225,80.63369191679092,73.49372765844205,120.66659123872114
417,110.89256152294588,79.4893864647012,73.02115459589575,119.99038856269829
418,111.05629322092996,81.23229968475772,72.24014825128263,119.99605223726108
419,111.16485859301581,79.67515808534178,70.41260678833675,119.30061644378544
420,110.33545232035169,78.92699598641751,70.84684622212883,119.46397394877117
421,113.06837534929318,78.94790137756605,71.76986141028992,119.9027673226822
422,112.64599816943739,79.21621094906052,71.20285950347714,119.39097296459342
423,109.95815200875595,79.2582817198952,70.84158007644429,121.5001047617714
424,110.8803838006995,80.80471446897131,71.26034193039085,122.08200184567932
425,110.98376816719271,80.384750890202,70.51324633972122,123.40211747912892
426,110.22981754583543,80.34471507330419,69.85411077992403,125.6978268611018
427,109.82061932011558,81.66230712725347,69.32412421858635,125.80667471565754
428,113.61826830012438,82.78567570694884,70.96636706288966,126.17493481241875
429,113.60500673358098,82.76846882314676,70.20272916525305,125.67475435865379
430,112.79291637692215,82.80808898661678,69.40959217450168,126.43031374838382
431,115.06056769138236,82.5877058824093,70.23964200698198,127.56740742783586
432,116.40120399207458,80.95526744775692,69.8521765820159,126.956962658896
433,116.53505273540436,81.7357169693439,69.32517848223887,125.12380822675182
434,117.17981871164271,83.69611738156615,69.55145502641228,127.6748236691935
435,117.12611698320504,83.85303766287628,69.64051784576039,129.17763948786873
436,119.05120765454859,84.97363907363355,69.51425834588457,130.2186229832069
437,119.01382871933075,82.73153113250012,71.2106978144397,130.58181234703838
438,118.16057014359218,84.70944320654348,71.6391153970559,132.6667220213133
439,119.76094946941586,84.84311053408766,70.39856821424107,134.64010218184353
440,118.23749819760876,83.05031056241776,69.13837968223648,132.09142227065024
441,118.42108152805686,84.93664669631843,67.8943661664703,132.33080087961287
442,118.71912971842227,84.31052990315926,67.74357383836661,134.479289892859
443,119.82400415013672,84.54457849515475,68.6183863931927,132.8244674071475
444,120.71187021308276,85.02019347985083,69.32574335535264,132.0544073878171
445,122.33957444107473,85.5840516541549,71.36089467491217,133.19882595167414
446,120.65904915517143,86.50179644648233,71.80799114112804,132.22812555786905
447,121.07826250617182,84.32503193929925,72.78125908413574,131.95888923757957
448,122.22683189397232,84.2093262068675,72.60902349714982,131.06959213407254
449,122.23652656054453,85.6049669448709,72.17606983141148,131.40286511722024
450,119.16066983778381,83.73186918147991,71.4500071948876,128.86120848462647
451,120.33299653982948,86.56962609010587,72.75506749066926,130.09983506395622
452,123.62371336712663,87.17523447938889,74.03908355205189,130.6259933026068
453,122.09376215152572,84.99950343592572,72.98378189305963,129.0016963822984
454,124.77141439535002,87.50846070774617,74.72439782640015,128.35815827697232
455,125.10935686708481,87.56281475154871,74.98429489803347,127.56564535305877
456,124.90960892671393,86.4135608237787,75.68861213314517,129.10231385234846
457,125.33315903114574,86.84950080471782,75.22191472416895,129.55003583199266
458,123.94377835861144,85.43605130872521,75.01834111533913,129.65984941666613
459,125.9439944697093,86.44756066585431,75.83098453112757,129.71807785605495
460,123.9285697525518,87.66880590206836,76.74227465994946,129.87097537790154
461,123.06240520770768,89.02802739484844,75.82108776287568,128.99131210073605
462,121.6829404230334,87.28979542779726,75.63391289600624,130.85510693765508
463,124.94748492805215,88.34921744860351,75.50656379465983,130.47429113041082
464,122.54837826312419,87.35629520534152,74.38818218701336,130.49850618410636
465,124.08785374349,87.50770735259198,73.69718424898105,128.43679305162442
466,120.44044345828473,87.9181150961709,72.37565736556478,129.7293818276504
467,121.4337384087085,88.74760271241435,74.0298675843934,129.61552018795024
468,123.06154474364608,89.0160200787766,73.1315721924466,131.65021996913808
469,123.34037674292358,88.96716489368606,74.83876893721279,130.53541845466924
470,123.30480560464545,86.30941428955796,74.84128135660522,129.28876020791958
471,123.4175557512063,85.71690755725469,75.46959599366168,129.71073437172785
472,124.36729202424178,86.46365798578005,75.39388621096222,129.9526709605194
473,125.0020584666515,86.97445569520173,75.80190953900632,129.61421569245445
474,127.43463648686742,86.40228128616701,75.24717451957176,129.36246045418528
475,126.29799268912637,86.56724348954144,73.93790894879231,129.8526530777517
476,126.64488177275994,85.7116910965005,75.13771091473507,128.21949260490925
477,129.1224035459568,87.36489652208903,74.64619899438131,131.59682646610696
478,128.17075331189457,85.58327850327859,75.52702598915027,130.4440602164411
479,128.80930045786215,86.7485210477879,76.33877156115784,130.07680280316444
480,132.62847746526535,87.53012720840208,78.46575220924446,130.7403757044851
481,127.27454926563402,85.03009552672965,79.2411802521012,129.46502311047908
482,127.29751921428519,82.01272969597414,79.09551121129465,129.5481289959517
483,128.95928535181898,83.92139221444043,77.26384419213655,128.22197037841255
484,129.4567573286341,83.9084680529943,76.14161726345638,128.4465749387334
485,128.66645830481085,84.09732461392753,75.80349815525167,128.0112758555772
486,127.39094712716292,84.00710266937749,75.16523234557069,127.89939187664446
487,124.86555608701137,82.06770142243607,75.83590340643326,128.91161632232135
488,125.33542451605169,82.92648680633003,77.11662125111789,130.8242391992761
489,132.60690632671628,83.18095400323581,77.19443429265013,131.76349587815176
490,133.192754563896,83.2457893076272,76.79458244224679,132.69553954936703
491,132.35120713605434,82.6350287373371,76.56260158397721,132.33186022715574
492,134.54955502578423,82.63461826574179,75.96567495750114,128.68411611068976
493,133.7340741180282,81.97530956500964,75.49924031088071,128.0323137955549
494,132.68153225551683,79.95947891316324,75.17677126931568,128.10345088172303
495,132.48292821808445,81.37132380785272,76.64436965875929,129.4063880660207
496,131.69723607408832,80.50448253252158,75.32658583312028,129.91108777179775
497,133.52170633128117,81.0969434336066,75.09754788020294,131.1651370797014
498,132.37756951689948,79.66645892356492,73.91051586233345,132.2507281024647
499,131.46510009132854,80.29896600793795,74.22693596926246,131.3285450065243
500,132.26632680266275,80.67235107690057,75.34480475302794,131.02069245669807
501,135.8704317283675,82.28493744342732,76.62081572234658,130.51232304056717
502,135.44374611136226,80.40258628685208,77.26557861056668,129.0993544840914
503,136.00611274122812,82.12858214001176,77.3471255061263,129.24624902041984
504,134.45196263029996,84.1843368578715,77.41320636624086,127.95423627237157
505,135.31292177795916,84.75721213762793,76.21209550729955,126.53315937519835
506,141.3084791622748,88.16654624349799,76.91029811621281,129.1392833638011
507,140.75309792942002,88.87193933722986,76.21277130990373,128.02594234172426
508,140.6479208927712,88.31713921599338,75.01892661698405,131.49107777537185
509,139.5412116035639,88.5248487886013,74.85102293074756,129.16098412233785
510,140.14300952838198,89.23730409838262,75.84209455275277,129.4915667022804
511,143.07097517023118,89.22854513274571,76.22203028570863,129.68144622010976
512,144.3104120186129,89.97705991502522,75.77021058068438,128.82241210157562
513,144.81546758283724,90.26758421648867,77.3569211984374,127.7965084191359
514,146.95149451522894,90.22097904777932,77.33922145976774,128.19226552399607
515,145.3763591733976,89.74179300697853,76.466868866658,127.92067424450413
516,143.33643503229905,88.70798167690529,78.35942155554648,127.34641761073884
517,142.15095013846005,87.05400197316825,76.41053249546904,128.6299542307642
518,142.11296135215085,86.58257912035421,76.8185615399288,128.12808608878066
519,142.55781046920794,85.14859147270276,76.27362629005648,127.35863967378249
520,143.11576591913447,84.28222461495618,77.28014691971951,124.29748828532274
521,142.4789005616197,85.4369623964957,78.34104175498955,124.24667564030536
522,145.2776031429545,84.98119035290387,78.14128654944336,124.74400915855388
523,143.08851215167664,85.76157335331484,77.09493571405676,124.70485342566799
524,139.9235053780681,85.08539353466838,78.12000907560285,125.34157388820523
525,137.76925375065034,84.86699720657734,78.78532963337433,126.53006638190686
526,141.56177005772227,84.31995989696136,80.0960989292489,127.4516641386785
527,142.80039846418452,83.97791287272591,80.69050674080124,127.25192108782362
528,141.83123789169184,85.0804486320304,80.25475763922326,126.775782075513
529,140.18860950060383,84.79027109668807,82.79182103445721,126.26320785190863
530,136.89103277192243,82.07845256460702,80.824969575331,125.29363999551144
531,137.05747955845257,81.0455729126556,81.7408231539368,126.46334030748474
532,136.8674636959444,80.16688541583432,80.70474790398437,126.35921059384263
533,136.39553573359697,79.11118228602054,80.39339256380006,125.422766894867
534,137.8777392829736,77.60954618512326,81.03233293122078,123.38785817203537
535,137.73596260677877,77.52036631133859,80.78227794172786,123.67999663417264
536,139.5476072331884,76.13747054359254,81.9972121801111,122.47202653606834
537,137.52532038642983,77.05952109155302,82.6303775606419,124.52058441868546
538,137.46396305837646,76.42053933657003,83.66319060149779,123.59190205819914
539,138.16888986639418,77.46985213662627,82.93870504759656,124.5780190829645
540,140.5486283522693,78.38122682309495,83.35449258301516,126.33011707057089
541,136.34253606597073,77.48912866088385,83.0590716756458,124.30288406547112
542,137.7068226715826,77.85804662156426,82.30689425363927,124.42276132182745
543,138.01360224750354,77.48442141105872,83.30676777653248,126.91592072676983
544,141.82925436865975,79.63628098426308,82.76566625569778,127.67291607283249
545,141.57413510848608,79.84903754013212,83.19760092188126,129.42790091695556
546,147.11097429257524,80.13454779138277,85.8207289694077,129.43275312208263
547,148.12030263789876,79.3598885398483,87.49889153612965,129.8776462890638
548,142.68271489475217,78.70597531411292,86.01003418679036,128.59295352815298
549,141.7061160122696,78.02276854358693,86.28203484064602,129.00621944498465
550,138.62522713124733,77.10133870484538,84.23904466670754,127.03995692343616
551,141.43034399528588,78.24492119319703,83.60803029854837,127.96193999489833
552,141.55761337361528,77.91705925421233,84.97878993383704,128.6220578566278
553,139.25143365964874,77.26053154470249,84.83534414267395,128.67927095571216
554,140.74909978573297,78.64963561482493,83.35142817537478,128.83608787333478
555,140.9234246777228,79.75855943090605,83.13697351290187,128.8642049167465
556,144.35643734715404,80.17700126172042,82.13396011955523,128.48129177333064
557,148.83562897949275,80.75402792381152,83.96295096639567,129.8446407770802
558,153.31562347853009,81.26400822800876,86.39706790641075,131.09674004437377
559,151.82308780351062,81.66719279644117,87.0045083363864,131.95559358676672
560,153.3759845306933,82.28822798842621,84.98473671279007,130.23730630493014
561,150.2074966060762,80.51830634525092,84.4892684986813,127.99123866245692
562,151.63827019597292,79.88662740038633,84.61139446580746,129.88482729164147
563,154.00481217688838,80.5621515060263,86.88286631171238,130.56012538891727
564,150.73285389413977,78.87648805201614,88.65871638155238,130.19468760444335
565,151.0639546949594,78.93013659388059,87.06860698319628,128.9223767644827
566,150.70240235660995,76.75806630388837,87.90952004393871,128.8389160618473
567,151.81454891377894,77.45301536159106,88.03101103193389,128.44191115259645
568,152.96053651467582,77.64023193070922,89.56906029716417,127.11967752168418
569,150.3279027047472,78.09470915297364,88.68660621192492,127.67162477664841
570,153.3731968663309,80.6444583597639,89.14466997373498,127.14370723156783
571,155.30010121696054,81.15421514321778,88.71261139197686,127.07976834111443
572,159.0543287641175,81.45992940143971,87.32045130417725,128.68071574653658
573,157.42045787731186,81.52084422560996,88.22679100928919,129.22920063307697
574,159.01765448577828,80.68431224147245,86.96389660092738,127.30260765931763
575,155.3479532666046,80.2649109632655,86.72366295411473,127.32729315316274
576,155.94947974447143,76.78676305694762,83.91879397467551,126.57293114548524
577,155.8302180860506,75.49529591233147,83.66451152452608,128.57475106190688
578,156.32186118765904,75.2722116640771,82.83514913597661,129.14371168491243
579,153.76189163390634,74.86310444489938,82.80812600830482,127.49365318045062
580,153.99126070912615,74.09438000590065,81.97710826375541,129.5096764259225
581,154.60826089571185,73.28224560225945,82.7915411264461,128.84957989750487
582,154.3458503012597,72.12311021401338,82.3603236192423,128.5162020896114
583,157.20092957862715,73.86181089136576,82.85756804861386,129.81078740266747
584,156.40258662168358,73.52049514512431,82.46914095487467,128.86234211603127
585,155.89304997672366,72.9896015670309,81.44017539522392,128.09754315049386
586,161.7021312541792,73.91883302930603,83.23784898300062,127.50757458325268
587,160.1087777584366,74.0282545264711,81.90852660377638,128.2822703154845
588,157.27522669670907,74.84228558585308,80.67273111818287,128.67980944382924
589,157.55172674309745,74.27584102246885,82.4457581876192,129.02741582757722
590,157.09510221109997,75.21191113548133,84.86954626024176,130.52811714022482
591,160.55633526402346,74.71270536032203,85.48964338807468,128.4173401333772
592,164.68490479430614,74.85270230693659,86.25070639222564,127.98477549922782
593,165.41263348960027,74.78661896398941,85.06861367040868,129.9144251979809
594,164.10407864416945,75.72668851139194,86.03552186055325,130.34247848234196
595,164.95783739176014,77.29730235746183,86.72355026425315,130.65151962194224
596,163.87019935607256,77.76909536049226,87.07693117487725,129.4819254680896
597,162.93562154441906,75.64222898224357,87.81587570539214,127.76736473070042
598,165.344091844957,77.39499400814726,89.23728652702965,126.39920326137424
599,165.97679472336208,78.92357362527761,90.05717628135035,126.81333067628091
600,167.65460899693636,79.227182835903,91.14844288391825,126.59937043775673
601,165.4640145345532,76.27014910083693,90.71912264812018,126.94929720058947
602,162.26321878832465,76.5751152851463,89.59774099023737,128.81314722539224
603,163.7237944712106,78.53609122222481,89.81404544587924,129.66469682044576
604,163.44272909797058,78.17675057654017,88.90856738821967,127.91523187816098
605,162.91182179218873,76.46157223401107,88.02617295637391,127.52380693966589
606,167.15995764832547,77.68061250563989,88.65019684651774,127.94358056236126
607,164.67705703034733,77.33022593640102,87.28806693732797,126.49589012729349
608,164.67575018081172,77.62392476765392,87.1577252597014,126.10815824120016
609,166.2470723941325,77.18388832952043,87.46466672987854,124.10089914290508
610,163.99303912875664,74.22978654018789,86.9722688201267,124.25530414169172
611,165.6482287573913,74.6422239505683,87.06980863379808,124.15694472983974
612,166.10466187809735,75.41011140760052,88.68873595788116,123.26336053344752
613,165.3534679147857,76.09994665191986,88.33688239602367,125.20348581711667
614,167.1457435413391,76.62597620643191,88.33188498958583,126.01440519913452
615,168.5010375462638,76.44394559275848,87.65517722351558,124.54775101057128
616,167.68837273832264,74.85101007241613,87.48203300303385,124.2408124668763
617,166.1124624164292,74.70329615348442,86.08285768137868,127.09933873170172
618,165.86130075400897,76.2860594673572,86.77753014641858,128.31197165786267
619,167.92100867051755,74.929035422184,87.89587285808331,128.9964972835714
620,172.76549848629503,75.30069353903951,86.18185939178059,128.4684223593572
621,175.21056835163972,75.07120002585309,86.80202281987177,128.48784857595587
622,172.33463843740847,76.33284446528373,87.22737546671517,127.70688588724855
623,175.05996327911578,75.22183644047144,88.49223740072641,128.6201341616517
624,175.61823339685344,75.96028852321048,88.0873390875464,129.27133857906256
625,175.84293002914697,74.81932420176626,87.72422266502132,128.28251426873817
626,178.18615348312855,77.39032450275917,86.14107727986202,130.6274378935266
627,179.40453040943737,79.55937355982647,87.10691918236176,131.8329522781218
628,177.70639272087746,79.19616282602912,86.87168731047477,132.11030890406437
629,174.10824014519827,80.5901112217841,87.50707249459508,131.05997304039713
630,178.57997626603736,78.66515599402642,86.38507174289624,130.582671540395
631,177.3992368282618,77.7270256014282,85.20844937172664,131.16838114949147
632,171.33648163804563,77.06111247852648,83.4243246011836,129.56216689398119
633,168.65283232945654,77.05826739227236,83.57442655614501,129.02816775217104
634,167.45336924647842,75.12862776492605,83.74180933972333,128.62646513777176
635,167.1342657506331,76.45078258057723,84.76385903372157,128.4626309704956
636,162.1353627087124,73.64872190245076,84.00921035931015,126.89806713124294
637,162.66722536491628,71.08000385854237,84.1456459753737,124.01577457975104
638,158.96906074772826,69.03971779387773,83.41432363568902,124.04966755993121
639,164.43974249247623,71.07665812715864,85.19682010910086,125.91223314317656
640,166.3690155160647,71.4276904322513,86.82697210240265,126.36597258908738
641,167.26242229617395,71.91945400589492,88.57591964555824,127.28177138725218
642,165.33562990165785,71.56149257077885,87.88510868115986,125.29823921183498
643,167.1649732005411,73.02232427210096,85.73466048883013,124.44201247259628
644,165.45153858461208,71.25154679168838,84.17922198313485,126.21094661375815
645,165.12097489693863,70.63244888467216,83.90825881128336,127.60816817047815
646,161.43833216096832,69.67157062916563,84.37096926157678,126.90279825047939
647,163.61727972399717,70.8680230976395,83.93072530722469,126.76267304471575
648,164.47477912509706,71.43005446868358,83.18139635990384,124.15781486335071
649,166.67492082467498,72.33213083432165,82.5729577296464,123.91385827205954
650,171.5664159450681,73.2880618033841,84.41303158659788,122.87159401597
651,172.76447702838212,73.86076401795289,85.44379272040106,120.33786919055652
652,173.21340346644695,72.7672643497579,83.87977502724996,118.8544908565589
653,173.88756455285733,73.14629356747918,83.55323491858111,119.77904078567612
654,175.7272466597612,73.76417452126638,83.76010241786052,121.7356255873409
655,175.28078144392617,72.65479900820364,83.03390573434163,123.22613365442044
656,173.60239662821343,73.40449222273296,81.72785551665726,124.21164606185708
657,173.98954922647823,74.15761552045998,81.94260990564605,124.96429666144138
658,174.6796899766273,74.46212595137004,80.32452364397078,126.47619807631607
659,175.28151277912914,73.27400212388588,80.88976156571671,126.74237666044552
660,170.65990472500278,71.70406596755899,80.31356571093411,125.35878523908177
661,171.9609879778414,73.0092274247444,81.58202274858908,123.92475097588216
662,172.78750945755812,71.95887299764877,82.21464622537152,125.59891691810388
663,172.9068672416862,70.62401716681215,82.22140810738952,126.38930834448672
664,176.76451472109406,70.97943929333066,82.75091817379881,127.36977759235684
665,178.49254076595633,72.7578850740208,83.32141863918298,126.65323151175119
666,175.8802731363501,73.71114296098703,82.51523199747281,125.2131165595997
667,175.2976069955696,72.56701428722843,82.60276459013963,125.66741248590564
668,173.77324801618607,72.46592702214795,83.36720010647257,123.09111616087253
669,170.732291012498,73.22449577139312,83.366739719754,122.772730839495
670,168.62181651180515,72.69431877958587,83.23847281698671,123.4501538260046
671,168.82411738056314,72.59737411451268,82.49708875123801,121.60245948249455
672,167.7747859807564,71.2576218221899,82.6887077905885,120.97070377990495
673,167.68244307171528,71.40560958115454,82.51639907784856,122.73177421279601
674,163.55863732700254,71.5177310253159,81.49019408706478,124.19201856827245
675,165.06760146624205,71.33385813388396,79.31084821218654,125.60776391266995
676,166.18572196578927,70.60412165092099,78.82268763119225,125.57589609014015
677,168.7748438283945,69.51450371649972,79.49434037148876,127.37505883150646
678,166.0895803754108,70.29748078161353,79.0843580437431,124.77231301062628
679,165.8644272827532,69.080279766364,78.96661269752695,124.65773923754413
680,160.4066378877671,67.39506213776765,78.57737753065607,125.81766022431766
681,156.6635614170758,66.27276406047295,76.38172525994015,127.11173385857519
682,157.82126579445156,67.42767128143609,76.07515895591601,129.61162678616827
683,156.34556448164955,68.34934109659655,74.28586329837334,129.15365936432107
684,158.04861322239796,68.96545695642148,73.28542522749234,130.5634034833727
685,157.86656273989172,68.38584343454905,72.91950497044445,131.16688478597231
686,162.87959086674647,70.6339553474473,74.48605538662096,130.4638063743171
687,162.3472787611574,71.06277271495766,72.95056778324432,132.65282951057773
688,163.19386084599017,71.54242968354933,73.36013286849861,132.21424799784893
689,161.22718943295345,71.34940258814308,74.27002143863021,132.82627522892275
690,159.27063155438762,71.78949212721166,73.30732022957388,132.03099747358925
691,159.90352257295467,71.07518866807914,73.04066871668653,132.52803787220776
692,160.76096398504572,71.59222265087544,73.58778884245504,131.70529563822927
693,158.83040705083084,72.49881676735075,74.39053241876333,131.3881864254497
694,158.99612376731366,72.80223333572863,74.6916139400313,132.088265897256
695,156.0159776401241,72.123278961063,75.15276629737679,130.3635912532324
696,156.42895767666926,72.53264717125435,76.15613397429186,128.76820861341108
697,157.95348817508105,73.1023762171315,75.97878275400687,128.29987311890224
698,157.65007996908423,74.07913603536541,76.47626676637348,127.40190997055574
699,153.8872811785583,74.56789306904784,76.73662455457404,127.64849665331779
700,157.49870978348136,73.01601296461924,75.80313389741565,126.33387182889135
701,155.34929050486545,74.23578434341898,76.28100426070075,125.40701913552994
702,152.85885999393386,73.87591436081516,75.8477390408417,124.41437712654657
703,149.66050272281313,73.41959671035545,73.28622486641714,125.25023979494068
704,149.64359809786683,73.17624312349746,72.5743511762663,122.84750445794468
705,151.499580458951,73.01138796982603,72.6351464603507,121.22682498792472
706,154.41474930573347,72.57179492547466,71.43104898884674,121.31052469884587
707,151.5515983304869,71.44451959972135,72.14556373575877,119.76260212058595
708,148.14446583924357,70.3545243631185,71.35760973402245,119.01529015139876
709,147.53013007310963,68.89391936749666,68.17923825212418,118.64140742264442
710,145.71356580498247,70.25035625204825,67.20450113183611,117.50339462351411
711,143.83419788184085,70.58565272606884,67.67548643660955,116.46569374948659
712,144.04615369228293,71.09581235206358,68.56966614902382,117.51283762643385
713,146.91585386784163,72.3791948757894,68.36747346178144,117.38213646636109
714,148.4335475388254,73.57745666577055,68.0416181625074,117.9714161943128
715,149.66461971846087,73.2013402193589,69.10616226858818,118.72691270620368
716,148.32426298453873,72.81774816013518,69.50895610622676,117.51213797757671
717,148.6930740330802,71.37145512915559,69.44174610111355,117.79060569016009
718,152.06396058506644,73.41557710928987,70.90377569570924,117.29682116118745
719,153.1876940166223,74.73048532817023,71.43631055491278,117.39373816035581
720,154.50290023640756,77.57652261886025,73.77486429486275,118.46428400323026
721,158.97720663546394,79.85901021327525,76.18846718756866,120.69833204030867
722,160.67738217593336,80.23512403914246,76.24972615979743,118.32661451894124
723,159.1834234746074,79.30735050004672,75.37058831001411,122.726872110344
724,165.79283244139006,79.82037776525766,76.73953029151043,123.52014419217481
725,165.06157396947685,79.8758702792382,77.34069849557397,123.87481068999591
726,169.41532502147112,80.62989273983922,78.6072176025565,122.83981122974177
727,172.07857146920773,79.92271908279373,79.15179651289694,123.27859174159659
728,174.96553054624954,80.21237181911815,79.02953303573099,125.77209664383932
729,176.3353251330351,79.86519980067335,78.99399448303785,127.40971099472178
730,179.12149315174793,79.93387129971147,79.54941532985202,127.48445139386757
731,179.3013638959496,79.64078718729556,79.55633538399056,127.71787787787223
732,177.74160231318547,78.10248546079055,77.49464935614381,126.85086399360996
733,181.5289197063302,78.51171198087312,77.28675136874485,129.0181692396634
734,181.96788998803947,78.49778232687997,79.0980622616217,128.46189522641777
735,179.2704391728388,78.29367370365416,77.95782753933858,128.09238894519353
736,177.2191986892245,79.11748741837366,77.84246920694207,124.36210199170054
737,175.5794252331344,80.8519266470076,77.35953774958844,125.60446607910521
738,176.31801580692144,78.837812387567,77.55490894584368,127.43313125206868
739,174.54465272104042,78.84865457230742,76.01718160177435,126.01965295349706
740,175.43863220916128,79.83769726524075,77.13140661322741,124.90468945895626
741,172.57607575758846,79.20178193037744,76.0417609204442,123.9754682586728
742,176.29724065313178,79.74210222101622,78.80144855118456,124.08734857732289
743,182.94597613166883,80.03542925414611,78.67167889146795,124.65591444963727
744,178.89384895224376,79.76723967339126,77.50838179201908,124.69835053614136
745,180.65275082981645,79.03158719271023,76.50652453824033,125.06382233821667
746,182.967216356788,81.03600097824749,77.98063279949213,125.64281144621083
747,190.1963662972288,81.07298103507262,77.11573409672023,126.83799733877983
748,189.28511337377202,80.7302540749535,77.89695993457883,126.7949902967304
749,186.8321859857512,81.53857953118302,77.70661516137348,126.64962388254106
750,189.61112508791007,83.4475632801804,79.63936746364422,129.4593659391802
751,186.5388126068472,84.29302820131834,79.08800121074046,127.50905714680994
752,183.0101966424731,83.48811641064874,78.52517645517032,128.8820975634522
753,183.44509587219645,85.26130747432242,80.25800447742225,130.50522480352603
754,182.2276000785055,88.41888192016465,82.37154627433266,131.66879621451156
755,178.39993963605392,87.31352341146349,81.96382059670077,132.78394016436508
756,182.16857719747335,89.43453787851975,83.32624112318464,133.94575281261686
757,182.47201818187315,88.72379805486786,85.88286519010953,132.84948251246482
758,179.86083649719922,89.02821264297484,85.72263575891638,133.36517069267876
759,180.6001964719205,88.79146423331801,86.83746610227519,133.0519624157642
760,179.21660080261992,87.79885698390106,86.87830538819973,133.09178343942756
761,174.9472309932367,89.27153127542326,85.72735218535962,132.74092167275333
762,175.41919960678328,87.37675012883956,86.36673590879163,131.46546736260774
763,175.78286680031016,89.21124227151577,85.2100436436229,130.7756611214862
764,176.9616339096184,89.05135814295213,86.6861891125119,130.24781163528868
765,175.8198582111875,89.03371116093113,86.60421036650831,129.5095384517001
766,180.5657378613771,91.17669932504961,86.18038522370877,130.22445640207673
767,180.42756713569617,89.60808427537968,87.05789931887526,132.10892207055173
768,182.06218478047174,87.65211428454741,87.27049915147036,134.22617719724983
769,181.34984693495238,86.6912278719005,86.33268523052465,133.72277053476523
770,178.12911656310223,84.63528382023048,87.11970817336076,131.63562673154524
771,178.925198932587,84.46356676923303,87.3069327825661,133.24273354105708
772,182.81240247885486,85.20845565705153,90.54245160947545,134.48981221075823
773,183.2222717271958,84.47219812634695,91.3998707712598,136.0498683302645
774,181.64907947741764,83.0205661443195,90.55415112974615,136.49633302591937
775,185.33279958948,83.77085563728022,89.44146612167597,138.3753058965538
776,187.07054528804227,83.52632999789759,91.20727568142868,139.14533822888632
777,182.4767390988148,83.92008722861104,92.3886502045686,138.5301248858826
778,181.44272823615407,85.22829944041058,92.58756434856248,139.08740462728417
779,180.99408959007474,86.31539620030438,91.98799694103629,141.6035063002094
780,181.47836662192069,87.51649957542578,92.08730424097834,141.38392872126707
781,182.0339828875771,86.03952373645369,93.92799812476386,142.8994991597145
782,181.2397445175264,86.25658740029274,94.07812287161043,142.84808367231096
783,187.6990061923866,86.79801427953635,95.21775800500667,143.94766901097887
784,184.03879159673812,86.93982870642523,94.18273287058791,143.4325633789306
785,178.68650540848688,87.7293747795812,94.06847318774852,142.42917941167127
786,178.2947011684976,86.72695656085178,94.28628252901018,141.197751668705
787,177.62318104423323,87.96645589739491,93.78750851759908,140.92448272279793
788,183.51063454031868,90.67745290174952,97.38656286659743,139.40893351437066
789,187.23383407038278,92.49461001549298,97.15546033644661,140.43297270064636
790,189.4113567225021,92.61472560631694,98.06067261323173,139.59003535745205
791,189.15998928175966,94.92446405693956,99.97119322324376,140.16360075097447
792,188.24982753462544,94.7990157754875,101.19907262876941,140.89608699279833
793,192.4496800787959,95.1065940701437,103.29290744517043,140.07550032762535
794,195.68619747959207,97.51453535500796,103.81267111584724,141.41059867951014
795,193.7272743773928,95.51670380154007,103.95774884258033,140.48023797960448
796,197.32862289292592,94.53544524839548,105.70712352300988,141.69326626937385
797,198.03098667933634,91.91490339230022,104.85168187851608,142.28744367944805
798,190.758259111693,89.55669645837725,104.47218985536458,138.796610682487
799,185.67326168963982,90.06396202082465,104.7373415793178,139.20980970324476
800,185.92541122580565,89.57229123444318,104.27124701076622,140.92483068056686
801,186.6942362774752,90.53986972209628,106.25987347401637,142.25616443017645
802,186.0603278224709,90.09800883036849,103.94308370588874,140.56978261602592
803,184.73761069551773,87.55442601786733,101.23130879798876,142.5966618806736
804,187.45533488053186,89.08427644985986,103.73596242044898,144.00351538609044
805,191.8466291664462,90.1894267001099,103.10580707205553,145.5200429962034
806,188.96855435102103,90.11068297269058,104.07329124175038,147.11080136066067
807,187.182314221092,89.41913365727422,103.7642785462291,143.92982549084445
808,192.3842438845713,88.38190660958735,105.70492444622175,144.23901153175305
809,187.7852237254799,88.36904992530046,104.91812824467495,145.35195827377365
810,191.67607861701072,85.31783310697423,106.02982085599157,146.4543658667126
811,193.80033757204157,85.25095537233611,105.51233939553254,145.53422655695775
812,190.3657054547844,86.653039913523,105.16471526781885,146.08839623686603
813,190.81025093155014,85.49134431904274,103.89655339776067,146.1473074158414
814,192.19261595946097,87.27440249183559,103.71261708773945,148.71271127852071
815,192.33979342124672,86.9176282291715,104.9713046057414,150.33651789226766
816,193.7148995415066,84.52150777343685,104.79331737468995,149.35854288888967
817,194.34928194644777,83.87017852842118,104.63993747455721,147.97826140779867
818,192.82919253953352,82.01963160200664,104.67084304903078,149.48057475675384
819,190.19145796444732,80.90429656840915,103.469061906227,149.9499656568216
820,191.29660713929982,80.57698142297396,106.66102774324709,151.12632193545133
821,197.63220392855072,80.8215282906403,108.17835215832112,151.20817876978683
822,199.86089828906503,82.4934074011822,107.23898911320458,148.0508556090803
823,196.82986225542365,80.68962119827418,107.23813119272788,145.9043114455571
824,190.29628859836708,79.24797132014693,107.19885164626923,146.86032998334161
825,188.21454323580718,79.802153073506,106.88009018254591,145.3938023403798
826,187.5866364256461,78.3872481137448,104.95903768167287,145.64207335745627
827,182.80792764385393,76.35109809339168,104.59778154954304,145.5555714217577
828,176.119271508142,75.10805075974889,103.29867623179216,145.50886695112092
829,174.95617406332912,76.06501677327188,102.49603275145202,149.05864344345704
830,172.48886848494485,75.80184885821878,104.24128342373908,149.1516475657217
831,170.91102379208942,74.67961590367625,103.07388853916623,147.95751978342042
832,175.2226710040349,75.59869899861276,102.8946505333569,146.22749027559476
833,173.37962766902618,74.69948718370996,99.72995065549065,144.08392053668845
834,176.2421850255587,75.97146985982464,100.57687214048474,147.1206910138838
835,173.72802072921735,75.01154849629094,101.12724958458405,148.50891196267906
836,178.1236003732806,74.5343142957741,101.9808050134251,151.00375432091099
837,176.24405340558107,73.9080169846224,101.95314135433135,150.22400688649782
838,175.23039331097246,73.3076659455768,102.18909104717007,149.75990933080178
839,172.15127397509,74.84985041345946,102.1826973136762,148.50573818416612
840,171.62435429472603,76.20877090257973,105.60985950309092,146.68087938195325
841,175.9776651705555,75.33262015197202,106.3904988150043,147.00037226205228
842,175.47195665915064,75.02718823176421,106.04585303991615,145.17589153416347
843,174.48707933440434,72.11894347254302,106.00702917435656,142.9479949191554
844,174.00843518772126,73.21401168521471,105.99058931570929,142.16861504082502
845,171.0225747308056,70.80363281281231,103.3860204129379,142.95311382825767
846,167.4551069114946,69.97748097919592,103.39636571637479,142.63431905721853
847,165.32873125586755,68.70461446788492,104.2497485792387,141.01120786589897
848,166.41308321636535,69.72127275293141,102.18642428044366,139.49695608299396
849,168.56564586106856,69.4463665666311,98.92179137811816,139.14825147873304
850,168.51081799030098,68.85984886968194,98.15659120605464,138.9037535142752
851,164.12560082962827,70.27062375075784,97.72921816939933,139.18010348746932
852,167.41035601632294,69.02865613858603,98.12728796224444,138.52899254045212
853,161.7529938795836,67.84250815006997,97.12610067983391,137.71609009224318
854,159.92025851026358,66.67360792631922,97.64852391209415,136.56119133053468
855,161.23960270801348,67.30580481659605,97.81990058212662,137.38201189051452
856,166.43285917775268,68.00707326192634,98.96224838354254,139.75862741080556
857,167.19049451898417,67.15337442891921,97.8656834829043,141.51114946844422
858,166.80761356185428,67.6583717729889,95.15297263657563,142.9905455673707
859,163.19848486109126,67.4569193372057,96.27489277246688,143.07496235928298
860,161.9322644341644,67.64413526279455,96.22593897377398,145.30659509351472
861,158.9700834485486,67.82550512024768,96.00898896813999,144.00915496078161
862,159.2096420950139,68.2831565058879,96.92622978303191,142.32739704250073
863,157.35634913918645,67.39962474404739,100.22492163567148,144.74001197559843
864,154.84018521464708,66.94609123749615,99.29503526826511,142.80594610360257
865,154.0643371919226,64.66592324520353,97.16302231435641,143.69149566445336
866,151.78697229202785,65.12214725829227,97.7867614833549,143.8262003599839
867,152.4164104287892,65.55473934821345,98.37033900404542,143.86429628424702
868,150.82617894651847,65.95114515438179,99.31876508202778,141.99521503706495
869,146.4498574268782,66.76095231224996,97.8296679782138,143.9169267957405
870,143.5836323392916,68.31438702200998,99.14540377944276,143.9808690409408
871,145.31760564455746,69.9213983206562,98.66187318367639,145.52156678715
872,144.95693253431534,71.45899505760687,100.2619902890946,145.53004964310364
873,143.37326946338226,71.46246962753855,99.48955070896625,148.24453551805388
874,141.8411385076714,70.84339930876907,98.96562860418707,147.47060693131613
875,138.96858545962016,70.35020236010116,98.03318630145482,147.2361248987027
876,138.3501557725259,71.69464306610482,98.52507526657482,147.43881119222135
877,137.3682427114707,72.2307663336413,96.95606385915907,146.29200515902227
878,132.3738657933046,72.1120023236575,95.46212890967391,146.61337881839344
879,134.91399330532766,73.22539928971187,94.75326096640282,143.93521672430768
880,130.6362004474179,73.822075756024,95.94156595250705,146.01225218578026
881,130.0415337686231,74.7629378167457,97.02310286131016,149.15324802846027
882,132.24016484242293,77.39478923634256,97.48006552694235,152.74713408484828
883,131.5386622970997,79.08900713608324,95.8204528295946,155.60459550101993
884,129.4984623492658,79.0654441736626,95.49350109568626,155.19112995118712
885,131.04551301647106,78.35950383986996,93.97460571574766,153.58751513133882
886,129.21699001511132,77.19000954184423,92.102698400266,155.46818056598585
887,131.05934486738852,78.07603673719782,93.55111079631688,153.38956649591583
888,132.85146242690084,75.35701372351089,94.47879209000038,152.80589699333262
889,132.04919123141283,74.85548117813045,93.99850468169717,150.67247149252822
890,129.9959971668684,74.11433191729265,96.18517417544219,152.0012085693629
891,128.47308039720446,73.34365067030973,95.15224986242247,153.34379650884563
892,128.95992290312944,72.39812516924911,95.09567284644447,155.15309343845672
893,128.27215038025528,71.50236812614314,96.0644414293077,155.2581072390304
894,128.81874298925217,72.30577641047114,97.77314206485805,153.81989313085066
895,127.5932264994961,70.7791318408495,93.56864251179441,151.63551467748363
896,125.93930835432083,71.30702525429416,94.49850281652554,150.21220893315444
897,123.81340914957617,70.99980398998514,92.50704807838429,150.93649129998823
898,118.8509037559521,70.5505145057391,89.73664216727475,152.20310466250672
899,121.56228985443343,70.88019365358824,90.01680453544506,152.21866240905896
900,122.7351839598258,72.79398048044919,88.96532339650449,152.91142034980646
901,120.35712038662861,72.26279985945466,89.2814480522175,154.17919784927108
902,122.05116345966609,73.59360972951069,90.48176100534248,154.82747751952758
903,122.94728461248327,73.7466777153399,89.93118946861301,156.1244892617632
904,124.52176483902026,75.15722586016417,89.73972462410559,158.06174128759406
905,126.54874052058386,75.21718181247225,92.67303902356451,158.2176519433788
906,122.11986990656408,73.86726548653556,92.13291072379738,158.6693222223035
907,124.14414421262032,75.8208313888527,93.02658675867448,158.37006996279675
908,125.4903637103915,75.7299950349849,92.6781025517637,158.9296746350116
909,126.41677729135074,75.70430606978196,93.03917859618804,159.73182115643758
910,126.76780826535034,75.82378023138632,94.49562211220031,159.68448083188363
911,126.95102260777527,77.30937523767429,95.24699891690368,160.40761078684443
912,125.31411076032306,77.09094242566728,94.30313896091003,161.12473713329075
913,123.7440841272673,77.31001541522078,94.00613523342456,161.63438595142424
914,121.340324644326,78.53720591899648,94.4269238317456,165.25028911210353
915,121.25137277259748,79.48417347171556,94.5830513189972,166.00792711543616
916,118.25498423500677,79.59905538394887,93.169969180855,166.77469542035718
917,119.09242583093744,79.91149009436191,92.26124375964882,168.45207663818204
918,121.72819154961671,80.34215119474752,93.13062507236131,168.9470007854932
919,121.86338583434721,80.9658834771542,91.97128225982274,169.0594037499383
920,123.18169919165256,82.19916124563763,92.89773343529086,171.55082903301638
921,122.07410111895396,83.42316614608849,90.20912700803605,172.35630064600633
922,120.03961806897753,82.5814140845028,88.73173478302655,173.44495867160018
923,119.61523071977176,81.24474236438853,86.71041792712526,172.6313761102838
924,121.1873593343386,82.0069318114228,86.2695219255111,172.66892087396081
925,120.93823929660226,79.75384660117973,85.93645684109033,170.64832816091533
926,121.25476818471309,79.32706753486312,86.50850146359619,172.83979178126413
927,120.37921335670046,78.43781274176241,87.45293593323755,170.20496741015393
928,118.03508269201912,80.0911408928737,86.7994441905576,170.17825156217856
929,115.52774986888998,75.70744112927771,83.88888530269931,168.72956984228287
930,115.52853840680956,73.29943743570963,84.1749256925911,165.06678430661617
931,117.14079777962208,73.57557832461131,84.1455907649521,167.091275317776
932,116.91427639358739,76.40776236648568,84.82219319883875,166.47290592881762
933,120.38229963932548,78.36484680197209,85.6862481233695,167.1551158405752
934,120.9829388807506,78.84415637967402,86.40684538328564,165.08669500115178
935,122.78034095249862,79.2670480736713,86.60024489627436,165.6671993995532
936,123.53216772806526,79.25575599234035,89.43025022381424,165.89607996109524
937,119.49436206149842,78.736055568315,89.17181662959149,165.9061346387063
938,117.11974199871233,77.86832170868108,88.86812618626074,162.21015523415883
939,119.20734257911528,76.6119002333732,88.09115776262172,162.1268162172076
940,118.43829783948767,75.94519018216913,88.62645114877117,163.17829849671332
941,117.76080785159829,75.22991070583458,89.39895436314579,164.99632144923305
942,116.55902895364305,75.54186586917812,88.0580959950041,164.2205032666448
943,116.44739568454115,75.87041274060076,90.52667034297406,164.94799696776928
944,117.38595044487852,77.27298706392745,94.31952345036754,165.1086281745018
945,117.1252083408171,77.28199951870118,95.55197700439757,163.1148289887782
946,116.07185072314078,77.49964655042902,94.96745905601756,161.6675688263826
947,117.38862760067887,76.83497006475162,93.93148587419084,161.03985443627613
948,116.82884542419096,76.83647056939094,93.77874302000943,160.4811311954376
949,117.14727828919598,76.51975211289604,94.84366487645987,158.7768705105252
950,117.26411002052714,78.16071067748585,97.67802717200318,159.34382619484285
951,119.3740634896796,78.80854070348693,98.29326909839989,156.60591457770371
952,118.94433217476592,77.25748878491501,98.55873102546727,156.83046314987797
953,120.19750195885936,77.54151891215565,100.59167142914876,154.1628248225482
954,120.69627278644435,77.90257445541967,101.392094421379,152.4697414436597
955,121.62247812650575,78.0538253040714,101.77864090745663,152.87020911305694
956,123.58398106820934,77.31018079624826,103.3960655924464,153.56333741548184
957,122.26959969981709,76.00223845496973,102.38007613970998,152.3623639040122
958,118.89796895879792,75.69246486026987,102.83057067182328,151.3496927574393
959,117.19946481516995,74.07696191868129,102.6213865620158,150.3328437751106
960,117.83868935129406,75.57110215740627,102.33009069837675,148.75500409928455
961,116.6679224051284,74.28228416379224,99.45334279896115,147.77127739878622
962,115.26743984708567,75.04565921872572,100.54070705507283,148.51251860719938
963,112.17470760200656,74.57066956666235,100.03456950056635,147.89498306079093
964,114.63663707248024,75.05935850334185,101.94867174922149,147.91436813121436
965,114.56501590932243,75.96093842696861,102.60902902429801,147.79789913068927
966,114.36664543372603,76.73973542594311,102.88565462540302,150.39259422785244
967,114.81137189222255,75.38680231554333,104.02048904351764,150.30743163106274
968,114.66595838516686,76.80218296545442,106.328932641593,152.3397302235725
969,113.14482929356635,75.22864625250286,107.0606969957215,151.4781770164957
970,112.4925753167739,74.18418817151024,108.78119695611885,149.7526478255684
971,112.5728656382248,73.0083534233659,111.21737433099146,149.1403341977229
972,113.397946812546,72.64441912007416,110.07811179050238,150.0506018020966
973,112.50094382313203,74.19731123896469,111.93693467581873,151.78995713145582
974,111.32362117452826,72.81885950682856,109.84400969910537,151.97883224883654
975,112.57011331263853,74.14170434703242,108.53355301189023,151.1001844416563
976,110.44301246823906,73.7669035774388,105.49981490043614,148.80653134419998
977,108.53497879622928,73.1592240411094,106.72481281937085,148.7384408757513
978,105.96839753803631,72.28060183466208,107.66169779922079,148.08041516494853
979,106.89477049885063,72.44406262047643,106.5620233132076,148.19153892318246
980,104.63966953014612,70.88223958327606,105.05229452211569,145.25165859024452
981,104.93286382140701,71.65775312894287,104.38829195073629,146.1867165728505
982,106.77656980567596,72.6351880559255,104.81896039619075,148.84711776643042
983,106.30388334374965,71.49663206559694,103.73758821655743,149.13368008031705
984,103.35734454058718,71.27467572254356,103.2840535466971,147.64148580419166
985,104.05536065048166,70.2406159531776,103.20683369407784,143.96646625498383
986,105.59211449455577,70.22413515201752,102.82270708098062,144.7669379516429
987,105.0199280903364,71.48712516651865,102.8761177345284,143.84308099942257
988,102.54266443477186,69.30374868966616,101.29702066045579,142.23192989511998
989,102.75484621207167,69.96487024739052,100.30050434045712,142.73928926946164
990,105.43272775037178,69.39534243267993,100.49323744367133,143.9770089075624
991,106.86885269247104,69.94814523767293,100.61402638692083,141.58177283379837
992,105.34815734948792,67.63536155079609,98.83542006123403,139.37472254200136
993,105.07683403538873,67.47937574435102,98.16580043814636,139.60998964203714
994,106.009530612704,66.62831657252276,96.7665820046822,138.10146629295176
995,106.64119825740579,66.06138808985904,91.96674800083674,136.6867598781701
996,104.57602499501118,67.3099789329608,91.73095333782653,136.08126371781302
997,100.920840505248,65.75630545885377,91.92107255737713,134.6847622542466
998,103.68201357745284,65.98599781896756,95.4246280682606,134.93390016304653
999,106.58778662733937,68.25775829770716,95.72789363883001,136.29133107850222
