path_1,path_2,path_3,path_4,path_5,path_6,path_7,path_8,path_9,path_10,t
100.0,100.0,100.0,100.0,100.0,100.0,100.0,100.0,100.0,100.0,0.0
98.6415454217579,99.14387841339587,101.60116898887073,99.84953380452721,98.98755456878587,100.33948459104278,100.39008345083414,101.01328283890521,99.03699041031035,101.04843642767696,0.003968253968253968
99.88883299390466,97.05271221017102,103.32768801649408,101.08608147754006,97.40884984395282,98.5892048060886,100.75049697229002,101.71475769526369,99.87432254172707,100.86981661864414,0.007936507936507936
100.24559163725874,97.96509312548031,102.0465505228666,100.13010512500988,98.09065521633036,98.07290373900184,100.35054726445924,102.51772983478592,101.40720266567389,101.37380143128112,0.011904761904761904
98.36111585992793,97.86568422542838,101.36173823010878,98.5509411656059,98.77754155433271,99.86197596488394,99.43099470562501,103.01241302310045,103.7796614009466,100.38132315351898,0.015873015873015872
97.64670208662254,98.59673456591013,99.2119875386579,100.09239499904837,97.92109092090581,100.90395377936274,97.76713796119053,100.75538173977658,105.87126604752444,100.17328171427091,0.01984126984126984
99.69963626234942,98.7400629562455,98.91424003113305,98.33340456238086,98.38554097268766,101.53421965474594,98.45359726907826,100.40169090839743,105.15856822706404,101.15531381054474,0.023809523809523808
96.6976155492932,98.77694587497304,99.43417621567698,96.4183615717067,98.70993270536096,101.6195984842083,98.73771134168277,98.60606058406077,105.9260053502309,100.84123525484101,0.027777777777777776
96.17649111810461,102.52835690976735,99.2679482634461,94.10738668286595,98.55031566622698,102.46738938979459,99.31700239664711,100.32181579738126,107.00914483404686,100.37814263967061,0.031746031746031744
97.72273659331692,102.52043892490217,101.71239528388101,90.851790238684,101.26669947157217,101.25479957560827,98.93430618758778,100.30410490871557,107.80760065309892,103.17888678281437,0.03571428571428571
96.66141911152778,102.31495825728294,101.19365230006852,89.67015696126069,100.19953527435494,99.25906285077055,98.6630468755806,101.92161530018737,108.8358843427851,103.59073841523545,0.03968253968253968
95.83818402819419,102.15852487965482,99.81536324765781,87.25248518767438,100.21759558371232,98.78239401814577,100.47188725107672,100.60713701881063,109.41875242412993,104.55222654808396,0.04365079365079365
95.72389610760364,101.41022260480823,100.53285521040077,87.21335363986559,99.73594605136553,99.45413510546459,99.71451981805673,100.49075732399469,108.66966826908977,105.53983202110244,0.047619047619047616
97.53952773567975,102.68318791859568,100.72294011370371,84.79030827763717,99.26987647011359,99.58933823223867,99.32252239940249,100.82475995964484,108.95359549003018,105.66884111333974,0.051587301587301584
96.75754370394837,102.22655901625555,101.42285153513599,83.62936361886706,99.46945068085567,100.86972084498392,100.25776467570016,100.40529900759516,110.12219047382783,106.37360883021888,0.05555555555555555
96.21782706766527,103.04890093806716,101.81177793652732,86.12294921542016,99.10119814243271,101.31734816259927,100.64111177405113,100.64313155524019,110.76449193835798,105.07755666490226,0.05952380952380952
95.69273118145172,103.41906261819247,102.12493882444598,86.49824061778948,98.03270752740063,101.37460443878979,98.07924984889922,102.54014835984748,109.2450470754439,107.01236891765716,0.06349206349206349
98.38953512673197,105.01960861029424,99.43045961940551,86.55580609042224,98.1862605489218,103.08432564223264,96.0155780686771,101.21566385978853,108.04378334043368,108.70681802205091,0.06746031746031746
101.13794358876585,105.57703190577486,98.52500015609039,84.80629787416129,99.65978855833728,104.56552858182211,95.21950054427266,97.90707618751327,107.4881475927591,108.96764396054837,0.07142857142857142
102.42545371997558,103.97532749936363,97.7949490284687,84.54429241944999,100.85057956173193,104.4363827399341,96.31783038517511,99.9015094667788,107.21114191023577,108.97637005820148,0.07539682539682539
102.92501820122956,102.25211304564688,97.36716036255328,84.59555117130347,101.10889772017109,102.99505593386931,97.13635777287197,98.91004380696111,107.42378672035314,107.2876223658491,0.07936507936507936
103.88564380216943,104.08264464307133,96.8186641873841,82.90192656381937,100.17643709687265,101.82435368070102,97.77423736427806,100.31878399207561,106.10948111018503,108.6879993952069,0.08333333333333333
105.85520540076023,103.2874841250014,97.32353250354441,83.03382281916308,100.4120072742383,101.61744396887582,98.55058335129021,101.14612880791718,107.17756058859622,108.33932774867515,0.0873015873015873
104.614459165768,101.58320127840437,98.06310726419503,84.28940262941316,101.79357743490762,101.14891369087482,97.35483497417991,100.87037674731843,104.69839551460932,109.17483260889776,0.09126984126984126
106.17575940126795,100.72980945905547,96.6749081640384,83.92038124358055,103.33277299376971,103.28370984408082,98.09485101294382,101.35489685097244,105.39812096610342,107.21109912626869,0.09523809523809523
104.51163626268976,102.34756893485964,97.51505825667032,83.71210262726106,103.80210159976374,101.12040803466193,96.96283827237913,99.90890360903506,106.07289321743075,108.06742742043136,0.0992063492063492
103.67525889595971,100.53255017844998,98.23737999370337,81.58582762610197,103.32669325402908,101.03857691037021,98.12700829787511,100.0170837924805,106.93716403107409,107.82908254693253,0.10317460317460317
104.8669028900425,99.44102391862639,98.8155465233022,80.16017946008516,103.06308777311676,99.6903819539439,97.49783050837301,100.7684401053434,102.88388248459579,107.84526082764849,0.10714285714285714
102.99621805351134,98.60912066881572,97.0659995068193,81.23551934078256,104.07045979585463,99.8371908464986,97.8443823766327,99.79015558893248,101.14971282627563,105.93595150234843,0.1111111111111111
102.81462090684326,97.06688222119121,97.60629308297871,80.56125502992792,104.9742747012064,100.31917487048713,95.56071661971754,99.31318280471531,100.70124593380605,106.84616464382796,0.11507936507936507
101.70439103341205,95.62928737077885,97.70791549344219,79.62312466384448,102.67517699790302,99.80872750964481,93.95044089287335,99.70507992275097,100.91497461140837,106.02479610631413,0.11904761904761904
101.37737875857434,93.81762739693514,98.897951459692,78.93137739662144,103.53069979149832,100.47802703118953,95.2503475477582,101.38126486395949,100.81154587497355,105.96201768292353,0.12301587301587301
97.86520459692103,93.2740886459081,101.14643392636505,78.87425135540173,104.46264838826625,100.22689871353343,96.0840968042403,101.37723531793377,99.78328137526275,107.04105307036527,0.12698412698412698
95.70512495722011,92.85795105442782,103.19052970455415,77.73146735411494,103.30151215576589,100.00062446161996,94.62098264781,100.82867184965481,101.40936894584165,106.92558319320425,0.13095238095238093
94.86494276727858,92.06287292550259,103.33707993416506,77.85546685878779,102.31068941484631,99.47551440736054,96.16603113531312,100.64284813449713,101.8242075233795,109.63508232211198,0.1349206349206349
95.97993443486561,90.16461999447468,103.33463925527812,76.53281725923542,101.33935014232769,100.2945285700655,94.85350004589903,102.12473269925881,101.31904771238513,108.40059340917263,0.1388888888888889
95.77019784242835,91.59966910493235,104.16065290085793,77.28277642287135,100.47453192047624,100.46969073201548,94.87735739865116,101.30265701256897,100.06622276979364,108.72952744640274,0.14285714285714285
95.77363176072133,90.0786195870113,102.707615159658,76.26037448574363,98.69703590401387,102.48096289857895,94.30520492839014,100.92019615094374,100.15225731337168,109.29720043515215,0.1468253968253968
96.60767560332603,90.39470887019824,100.84748984514145,77.53948437096506,99.08712386417965,104.13393039968746,93.21442138395783,100.11948576235238,101.7531453261858,107.90302757345636,0.15079365079365079
95.54306414548508,89.1789432223443,100.24889545628417,77.52968403491045,98.11108608709503,104.86300324028319,94.59618178496632,99.86209497344055,101.7982547750614,108.02192123457974,0.15476190476190477
95.88508543174854,89.93300014547826,101.8024093282878,76.708058226169,98.02412435124268,102.04851727482402,96.62580953621237,100.13131709484264,101.75716103816421,107.7570225747861,0.15873015873015872
94.9170909129637,91.02255254837566,101.37859221048049,77.59399877093183,97.41155496960504,100.15786395636364,96.84307926497831,101.44412319163291,101.84217186597904,108.06402720132591,0.16269841269841268
92.8733924052348,90.02166954950525,103.31604482726893,76.26186849896644,97.72523069946473,101.41014851027383,98.72297626239211,98.76477411409199,101.9970506197911,108.68342767732952,0.16666666666666666
92.41712705165688,87.86608324225848,99.74987135937323,75.73805002857085,96.48882461384665,100.80426714144018,98.37382195108822,99.45840398775495,101.69783580902222,110.61499160430076,0.17063492063492064
93.08765661823297,88.63971168139017,97.77499258298091,75.73797796037775,96.78744135529827,101.10296376003853,98.50815057003614,98.34744144619724,100.45895154258211,111.01732573616462,0.1746031746031746
93.48560007993575,90.75947140565872,97.62274538310281,75.62244773091709,97.26391207374284,100.3030594326217,98.67147529588023,99.08504377845058,102.41292970523152,111.78514716297974,0.17857142857142855
93.47166706902729,91.23604914835035,98.7212984194246,73.73277204198386,98.283360355388,100.95965237246136,97.24394694897296,100.64469489935286,103.23878676010966,113.91679411115072,0.18253968253968253
96.33188200185413,91.42077628835486,98.63474116510449,72.88248228930479,100.75041288654774,102.18557207597192,97.85779014086013,101.91506399181827,106.02956780295014,111.66557407881032,0.1865079365079365
96.83432590119212,92.36986390274112,98.51594691793582,73.03712443695733,98.12952544057228,100.64008296654063,98.73668871645698,102.11808645519842,106.69631401520776,111.29871224793865,0.19047619047619047
98.03577395974733,93.2645018515912,98.36495911163384,71.83262752725975,98.52633525767449,99.61378721242214,98.52112917094387,103.19738899859532,106.38585302906549,111.3522509282648,0.19444444444444442
100.83952663064346,92.29549062466656,96.20431491734061,72.98794602994323,97.64996154076215,97.54751309230767,96.44346417932975,101.97809465275544,105.12563784091984,109.19119085661117,0.1984126984126984
99.20877474540166,91.5321941244395,97.6182542002175,73.44471875336816,95.31010169245508,97.83478892733964,96.89128986799277,101.89098356659139,104.68947942589388,109.29672959439607,0.20238095238095238
97.91883920722807,92.23966017085729,96.78214064129516,72.97042174634552,96.3261041382724,95.80354299796797,95.05942770993573,103.86032727935034,103.17978106610339,106.10043109248299,0.20634920634920634
100.09379268578115,92.07245248626948,98.11981176515842,72.76817865803093,97.95649915819084,95.3626957149712,94.09277011380696,102.83269061466154,105.94321278736257,107.04775555570502,0.2103174603174603
99.09242771737371,93.61245730349637,98.03266989811561,74.4950184519183,97.47436775391178,95.98903410267943,94.24869351707613,103.08858451348443,105.92048199835666,105.07248051569522,0.21428571428571427
99.12949259455122,92.78542678713121,99.36086713520058,75.37868952604106,97.73373040739311,98.51053438804695,93.33919618101896,102.6102150758083,106.974664404123,103.4291620860168,0.21825396825396826
100.47401293902263,93.66704170110093,99.79149801081158,75.74064313143352,97.65486268100061,98.96884715195338,93.63798783991923,102.35829499965705,108.2790499854478,104.11468916883734,0.2222222222222222
101.60786687992368,94.07226066116297,99.65747109074682,74.40186833394299,98.1905353695589,100.5434517138879,93.3715012444535,102.88330352355185,109.763707498493,101.9501147540365,0.22619047619047616
103.87938326331954,93.92252626924788,99.94196284617239,75.9452150935959,99.28589704283563,100.87227210898415,91.47300008191536,102.534543483203,113.34429939615866,104.62251969567835,0.23015873015873015
105.85537701179362,95.32435477051021,98.10436612316926,76.95887848061717,99.71831280324778,101.26604723887003,91.66678413007546,102.53013959515691,113.20813268920162,104.77632906549906,0.23412698412698413
107.2912260399941,96.1446119918634,98.11181864757899,76.81512042872315,100.1536624220438,100.99730223563463,92.34673023030007,101.88040736008365,112.94904186918488,104.64823895881857,0.23809523809523808
106.25179068808413,94.93496107910788,100.25609984724824,76.28497178149199,101.75590117309574,100.51078710856827,93.53216088936779,99.56457741563719,113.1833439833251,106.24666572622476,0.24206349206349204
107.32117665773242,95.70380277892849,101.92218198466689,76.10459084676343,101.54502238479355,102.00897811284737,93.10119503552602,99.80708873886674,114.2557953670889,106.14002245216392,0.24603174603174602
107.74695238657065,97.37614743315194,100.665130609861,74.96082252661883,102.73283576454784,102.49164502128505,93.0291047692943,100.36123350937419,114.51357713316182,106.46229202646249,0.25
105.96152645769436,97.21624617030479,101.3085198270645,74.51752035122361,101.67440085428568,102.92681677660711,91.29315389102,102.12420423720849,114.12635205208335,106.25338852747655,0.25396825396825395
107.87059991706407,96.9121666580245,101.62552821141063,75.23745576645837,103.75402216221836,102.14117560561587,93.58134701962408,101.95468118314439,113.1015652574719,105.58374168371473,0.2579365079365079
108.97326579752173,96.09798123917437,102.6772291243452,73.54337009429332,104.72298778517263,101.69811964948381,95.37270253417189,100.17881474351826,112.00352411669576,106.07866283231775,0.26190476190476186
109.03573858092702,96.08151214373699,102.79909864660357,73.25293653643675,104.19162589439746,104.38194766279429,95.33445898603432,99.23166095946623,112.3844264134644,106.78267057305484,0.26587301587301587
108.71600478763594,96.91576818761331,102.49712108036422,73.357997220459,101.45252528278877,104.29321448958487,95.18462923387521,99.90956530481598,110.97896621249515,105.08353640007991,0.2698412698412698
107.08702761664183,95.9225005776374,104.22990488153619,73.4537797515938,101.45212813062292,106.05039963027426,91.73473832914951,99.8032210789242,108.47134397530525,103.92337852315039,0.2738095238095238
107.35655808395973,94.30913615903333,104.51445881133175,72.37081801226884,99.95275698189658,105.35755951394347,92.9390791555672,100.15502068736515,108.6289459062185,103.06357531454498,0.2777777777777778
107.99202602512803,93.86373144602291,106.1807454078094,71.30093390088324,100.33079586106024,106.42690390618095,93.60048826592815,99.71048140851322,110.23182730194685,103.0251627987512,0.28174603174603174
106.86708037720196,92.24620687649987,107.49226587392684,72.28608289209694,102.18201603968946,106.81618741166197,94.56392558273016,102.08728462206228,111.15478653792054,103.4748069378965,0.2857142857142857
108.44338260489452,92.85629629344214,107.05371786935129,71.1794393168639,102.38828050127928,106.27426684149002,94.08234600785012,104.33415544914459,111.1297388944193,106.32413414860744,0.28968253968253965
106.95463348513101,92.35846006360424,106.82871302659463,72.08974568354297,102.15890668643068,107.14620460863836,93.52756193085192,103.11674365173921,111.69541787055168,106.69320551248104,0.2936507936507936
104.13167543678429,90.33828323905556,109.45793741405299,71.6529681365989,102.60030367558879,105.08281300075524,92.08309362111808,104.3044987534384,109.40143164047882,106.45910852818163,0.2976190476190476
105.50470386657524,89.94238375808011,109.72231804874755,72.63440692805625,102.970212433433,105.84632563810807,92.99013034568966,104.70483746680124,108.4549985263543,105.50457350791172,0.30158730158730157
104.96989596289927,89.72438333186899,108.67860765452302,72.25009513071605,99.95003959987231,106.90091023099122,94.46874303352453,104.7227261368755,110.77232905255332,106.82240576032021,0.3055555555555555
104.80335454668972,90.23353482788146,107.0478412349199,71.19606047030383,100.25390081525671,107.26932537709921,95.81589708397608,103.59458947291158,112.43727372730324,106.80638818932418,0.30952380952380953
103.7033128821371,90.06843159714082,108.36972539409058,71.96853886004135,101.04043026934558,109.05570619722167,96.04221508173822,105.73272726265692,111.43378146702885,107.26725622686335,0.3134920634920635
101.62614478122505,92.2141392418191,108.58880039090124,71.95277164693627,100.71082978412593,108.96217815673054,95.64777279112545,107.29642638285786,113.92413942316584,107.26633838030206,0.31746031746031744
103.24608743100102,91.61347964725793,107.51053625841188,73.27799095345765,101.96014733258374,108.75763294606753,94.38846086432702,105.34467667279404,112.898389717631,108.01299110724072,0.3214285714285714
102.35389873621162,91.54148621260856,108.42815898210594,74.1063310898889,101.79627133289036,109.24520393818649,93.557629392351,107.19696762541008,111.73354376896789,108.6663915665866,0.32539682539682535
104.51832741335217,91.42287483703348,108.6466060611042,73.89243573763117,102.7847249674106,110.44603209808996,94.11036467417391,107.1451481953034,113.91672577240293,109.17941480910504,0.32936507936507936
105.58682128835288,91.09791671948192,106.39732646197947,73.47499802036491,105.77087358894433,111.24181218589095,93.77357972467274,106.34122068565259,115.80916207063943,109.18468746671492,0.3333333333333333
105.16893743550749,91.2615289963999,107.1893814618754,73.49663693673193,105.64250191516929,110.92466349463174,95.73298397481969,105.04084386958343,114.95359544390173,109.31328357398125,0.33730158730158727
103.73990994965547,91.885956334967,109.00500670532844,73.67297702701589,103.08894973413916,109.54249666496266,97.13300458112339,106.29868140441545,114.88252310174354,109.84109106616933,0.3412698412698413
102.78698575131922,93.45049769941998,112.57784024789572,72.85907405434803,102.65271046974145,110.46200594983165,96.39931908511231,106.83558787216984,114.38901514520501,107.21027590964032,0.34523809523809523
101.22870791911032,91.6210538582436,112.62735509709371,73.63603592872269,100.44470508021557,109.36861449949247,94.93412554637618,105.66544063887073,115.11787479793311,107.16426311953782,0.3492063492063492
103.92583797962341,91.03384632827849,112.9579625711637,73.26831238491795,101.22120299236835,108.24689259459636,94.28044651527804,104.59115739775275,117.41373381799943,108.49668423992557,0.35317460317460314
104.14137105866199,90.52173479436001,115.26766596773248,72.8788567771733,102.90482401352206,107.35777323235287,95.55446294746804,104.08175317563364,118.20358101027956,107.8421105907535,0.3571428571428571
105.66149501189435,91.59766576662687,115.51295114160605,72.38409071259932,103.81098379000669,107.43585743933019,94.92580397651085,103.411865545401,118.03407335294658,105.03936601024053,0.3611111111111111
103.98778142372097,91.18699208502895,115.91435925735966,72.5950746829342,104.23075988145342,106.36340736940485,95.58103079430454,104.10178435299437,116.0488884212919,103.22234931920792,0.36507936507936506
104.22523037994739,89.03551081880167,114.99706326887198,71.964866487184,103.38728537947797,104.85236128651833,94.90201690560792,104.59970735074191,117.19192417366119,103.3201885032458,0.369047619047619
105.7834309349732,89.13397617143335,112.9944967376471,72.08734422446398,105.46016619366219,103.9856230240446,95.31321041792701,103.76537260426424,115.4001071494489,102.38621410629591,0.373015873015873
105.33788761870086,89.09615178022369,114.30129530580355,74.64431908423563,106.46578843716526,103.74571797486813,95.94953572847811,101.62094464095173,115.12835397960546,102.55911575227266,0.376984126984127
106.71524037341808,89.29815263661919,112.4819119966779,74.59392016043215,106.8480442335726,104.34120351180792,97.14869230906284,99.9272929399264,116.52668025642679,102.53526312779321,0.38095238095238093
105.26697167828256,88.1355508570638,114.11005122143747,74.18715774335001,107.12417495286695,104.42966843236361,98.91885262368626,101.02868839325679,117.72374574695515,101.93098675493187,0.3849206349206349
103.47412525026517,90.06519358339249,112.98255108972455,72.64467927982054,107.27493743867073,103.01774681703262,100.56529082537737,99.77035410446402,118.97430388053411,100.76268462176736,0.38888888888888884
103.9699153988564,89.69845380351937,113.36072891264092,72.69065878502329,107.88786914390877,103.31495567119056,99.89580006171752,99.9101475949345,120.0265677141515,101.01115931275409,0.39285714285714285
103.47441750000601,89.48591280518478,112.83029125092929,71.68187240860019,107.05741110682095,103.73592445492162,99.71093812942007,97.71524258796728,120.2473381022441,101.09892133829436,0.3968253968253968
104.31482990415732,88.47695936040739,114.51243439910851,71.34350449348639,109.13455668311369,103.14301131559453,98.24755401354857,98.20528619365336,120.70596691815625,100.94124306906215,0.40079365079365076
101.74752414765113,87.44522953303638,114.94729544873398,71.47990624664806,109.3442198291156,102.11347829528836,97.95625479654505,100.60921001779444,120.84606421845669,102.05684730258741,0.40476190476190477
102.66468398094402,86.10845544043424,117.81976061219375,69.93791790877691,110.17399202570812,101.09373246072639,97.98626998040442,98.93981440641546,121.58303479228422,102.31605080617254,0.4087301587301587
106.08108290133202,85.6828218654108,116.22209223473614,70.07680155832607,109.57381454513708,100.41864781675108,97.48884389010038,99.62740373009716,122.40568175892186,101.55060732025217,0.4126984126984127
106.04817548032696,84.65532082492149,116.82967834838787,70.3461697406295,110.0926140117794,103.25944996297652,96.87227716708506,99.96998213728115,122.61146930147989,101.09285080196415,0.41666666666666663
106.0938019570035,86.87732069193417,116.899382386604,69.20592027955077,106.97279808872896,102.10926784010897,98.14013130852798,101.13277050615758,123.40776305505487,101.0140032014393,0.4206349206349206
106.33406955401612,84.83466536527999,117.31240947398724,68.864704881895,105.4762002194378,102.45203806353311,99.26862695327951,100.96568841160706,122.34758915598611,101.17090450706925,0.4246031746031746
103.86864259579028,83.63721865574091,119.69505014067008,67.29457018739872,105.43446431818614,101.53442674096118,99.76905291714695,101.31333199307926,121.8753492038059,102.88876561363264,0.42857142857142855
104.42780713579162,83.2153040499586,120.58098158133646,68.64367532597245,103.69231179011975,100.88922498718797,98.17611164378097,101.54587533572501,122.22979070472616,105.10041571810356,0.4325396825396825
102.33684049431255,83.92440610576655,118.85022801499001,68.93015217196867,106.9286406215706,99.99564646836264,98.42495846849309,102.28139724027105,125.2280893300739,104.48129683559048,0.4365079365079365
101.78690627584528,83.48805933312084,119.65178309389056,68.77436694810696,104.70489325469788,101.01013425601886,97.94964813524665,101.20579164250016,126.06547909966498,103.14799020096994,0.44047619047619047
103.39329950446687,84.20210811129928,119.02688653680093,68.6328994898222,105.16218658206347,101.49374395427118,99.58685320780572,101.45147561135227,125.85166279275595,102.4448997805466,0.4444444444444444
102.44000347958064,83.16174093099697,118.31915690351902,69.61825752741471,107.37899368985207,101.32848659529938,97.35104156088256,102.49251323366578,125.50296378739208,102.98858782811745,0.4484126984126984
103.08897383312228,83.22388579934136,119.88851347993624,69.53571318004353,108.03208004351066,101.97258133205386,96.66804706217592,104.01187263389689,126.68516315170675,104.07484524047436,0.45238095238095233
104.41274554195145,85.07279041976474,118.98215050853938,69.82613585383474,107.61066077628958,102.93222418318402,95.95619785600604,104.66352175311701,126.53002108354383,103.54109035570414,0.45634920634920634
104.78006731537744,84.04184373823178,118.41428123277915,71.17497720516991,106.86467977411573,101.83488751724497,95.39379503149446,103.1814757115364,127.55017880640065,102.35539273343197,0.4603174603174603
102.98581179972204,84.48726985447654,118.46263882955527,70.86523797629192,107.77498494504864,102.53943786068898,96.55163017366675,101.1815160863695,128.37497219909588,102.84965871289799,0.46428571428571425
102.55532760723476,84.70781905504228,119.88326150802106,69.89639719405952,106.69380728638431,101.61652553418644,93.73212338125332,101.70376173977256,126.37533711939982,103.66088291471434,0.46825396825396826
105.1185432845677,82.33870078991728,120.76491339660774,69.17409029311116,106.53331302404472,102.69497289959676,93.4867534285127,100.41572090250233,127.13034215625758,105.02097746256294,0.4722222222222222
102.47055802218914,81.72998158461081,120.40877845928205,70.43046050580095,107.4650865436096,103.65714709595409,94.4941402592827,101.48960646122231,127.87831977078206,104.18056899126422,0.47619047619047616
102.11513399137317,82.90306889263718,119.99659169786983,70.5116352804762,107.04904643580808,104.18570908305949,95.66821815681277,101.12229760053737,129.16830665058382,104.6131134806854,0.4801587301587301
101.40729521128469,83.04427500590683,118.2554458474079,70.06679184161095,107.16713550365814,103.91052036556727,95.00869500877097,102.41936587140665,127.81322227972696,102.48448583156294,0.4841269841269841
101.56168087244912,81.7855637740356,117.1287852057669,70.9315780139203,106.7573500496542,103.22404230862519,94.19847704060086,105.19950411642225,129.5872615903981,102.34810239862384,0.4880952380952381
102.52359200026007,82.50044783685328,116.16709525518483,71.829036594312,105.46089295706334,102.88176174523504,94.610257005221,105.1169347382527,129.3152262622233,103.27880784302133,0.49206349206349204
104.62269935011092,82.00394369372123,115.94880319127181,71.3998811727137,107.05279127578915,103.88357737612036,94.7904606949442,104.96342195893378,132.59547341760984,105.22756883649969,0.496031746031746
104.26710573018991,82.37677601597657,118.8877301131654,70.53090284117961,108.94825820049681,102.99436321334888,94.87338144262654,106.3122733378951,135.5555500783451,105.62892265421675,0.5
105.3397109118853,82.76889278540716,117.88027472420424,69.14903836091044,108.51441591651752,103.05883713413586,90.43671389556658,107.74687018512967,134.52104855826266,105.30769117106125,0.503968253968254
106.00503613958499,81.61051059822361,117.44174136822456,67.60373786803918,108.1519393902616,100.81448054460125,89.16149510530403,110.08171232850363,132.22038964333714,103.45875328084455,0.5079365079365079
106.64044171224756,82.42666244374033,114.44388357772026,67.37841806824953,107.90980762651941,101.14573664319697,88.19706526611068,110.35467243822777,133.3869867251462,103.75685400926776,0.5119047619047619
105.88547062961773,81.38699878393942,115.3131057883831,66.62444476769134,108.64482187842587,99.83471635697494,88.91446601579996,109.47827191643731,132.01610716879563,104.5859931431691,0.5158730158730158
104.5633360889855,80.05902575797118,113.0439974543384,68.20283449219376,107.41269043572802,98.19045590660154,87.31506253014084,109.48891185449656,133.9385583500127,105.9302249373337,0.5198412698412698
103.1241636202263,79.17349508733031,111.7601599980164,68.25315307108653,107.29295833851076,98.83425088057685,86.17126054433098,108.63202931097786,134.8356739753748,106.2553119728771,0.5238095238095237
102.14603665367179,78.82902449853381,113.2374948871167,66.60334806668683,107.64900644251487,99.09650935960016,86.00381554501571,108.96073756220366,132.38880099874163,104.98389882468169,0.5277777777777778
102.56086129878585,78.9377534172391,110.27395088895851,67.80454013311983,108.52330743777185,98.54449637219358,84.61990204100188,107.77533399372084,133.69968641322328,105.71856190671099,0.5317460317460317
103.54884692607851,78.17312906057643,110.40729570684734,67.94282310039489,104.78699896370509,98.17014416531372,85.30803828950229,109.0071016416899,133.93107978713047,107.99349217312849,0.5357142857142857
103.97170312352304,78.91014591367576,111.52702977425051,68.54897280651736,105.32092435457963,101.0195915999369,84.88840085480595,109.96922816912983,134.62827420595428,107.63706475127066,0.5396825396825397
103.25509662903052,79.16054160180963,113.6911739437626,69.14054049126682,105.78083621725578,100.77280081964304,86.87149058110991,110.16202512304345,137.23827359441813,106.55435027466045,0.5436507936507936
105.6314001885919,78.4706231897463,112.38086562968593,69.39935082512191,107.13241077122571,100.51765688020262,86.18500415176858,110.19752881508282,137.01381676795052,106.11269065570428,0.5476190476190476
107.67221712926967,79.35445474519285,111.5007942546078,69.8584471251185,106.42444001082505,101.3471423306432,85.56152526250519,109.92513286863594,138.32859102178648,106.09507366484645,0.5515873015873015
107.19307024475206,80.52379027929875,114.06465936722512,70.06890482013904,105.73168520168252,101.45856095075989,86.43309795828836,111.75761622783764,137.28965453493572,105.39765277312381,0.5555555555555556
106.08676984802004,80.42373643219105,114.02865162857722,69.0989793655349,107.34574622808512,102.72863272588995,85.72240369668874,113.44208466683618,136.30073047590793,106.33976769050837,0.5595238095238095
106.26095378574954,80.20620092039016,112.97580641058164,69.41898239589817,105.2523683999476,103.0883517047305,87.37054239021286,113.65053971884566,135.92663581905902,106.91840930080214,0.5634920634920635
107.97118209836272,78.43367879647975,111.9591666513444,70.32028796876398,107.43495378585936,104.0816019876973,87.90373881433013,112.43053061498736,134.86836473201816,106.46900508039371,0.5674603174603174
108.42479551240403,78.03201845913907,110.59569490318127,70.13443403192767,110.95079633578268,104.6645698930813,87.56784035266584,110.77583225792654,135.8367244642443,106.44241515001336,0.5714285714285714
109.18772606660984,77.74596061149448,109.98476039055889,70.62326632263971,111.62021288578518,105.51896791482665,87.39061936094339,111.17797664854902,133.59059733408964,104.39833520450206,0.5753968253968254
108.89637042445428,77.98668337126894,111.50306770680642,70.99759248890544,112.77095663602286,105.4622796908425,90.58634538677661,110.28781907701261,134.9941158282694,104.82173573523306,0.5793650793650793
109.52416095369067,77.82137314337379,112.75720792596091,72.64038495064513,110.67432324263386,105.75836717064391,91.14575739787965,110.95111388581608,133.70512729955078,102.99710070323658,0.5833333333333333
111.67631069762207,78.0609992685219,111.1013101964538,72.40944011612517,109.71007813125568,105.39784718746267,91.31871836041675,110.41188510935298,134.34289680919585,102.63785175006545,0.5873015873015872
111.33960789525645,79.58441513208841,111.40208235857038,72.14354195252184,111.18206116334395,106.20317778943348,91.1663150973727,111.493486443373,132.34805199473092,102.04301052669116,0.5912698412698413
111.54081400176703,79.05485620066783,110.83906490659969,72.03733823075332,111.69003536943265,104.41731744950977,92.36540374771074,111.78522072370305,133.14703876076996,102.64462083349288,0.5952380952380952
111.89806867747407,78.56735830570165,111.93709995990208,71.94446952470518,111.43502905936329,105.37695774467288,90.61532752490844,113.1997146211381,134.97792990249172,102.0718600083115,0.5992063492063492
112.29877566143223,77.28210219449245,111.71680681543192,69.91374535172748,111.76244560304556,106.71032630618672,90.4087108936179,110.05817438444431,134.9945474114203,102.01149067227779,0.6031746031746031
110.3188524546076,77.27367027876213,112.24095335507434,69.35000022405285,112.47859092731314,107.71224277414117,87.23798937061798,109.74379577349053,137.65436614789252,103.9513612606888,0.6071428571428571
107.74081794297228,78.23052894039719,112.0168931786855,69.61251376799541,112.0640117961693,107.57106990203751,86.65368906314622,112.85202249794762,137.4119410660536,101.9161202451987,0.611111111111111
106.36558365164403,76.52355135475051,108.97243923119856,69.60527289031776,112.02315122478336,108.25797478580846,87.58436175747451,109.34855807233872,138.12596101914932,102.06144878805112,0.615079365079365
106.59087809203871,75.88427975102061,109.03698911225545,68.90781505571816,111.97192020119498,107.20394653807006,89.12295515794222,110.51563240986128,136.5247943828314,103.17876685787127,0.6190476190476191
107.3372630526591,75.91864852312013,107.30386492555898,68.33309251724233,110.49725271597626,108.34055567957878,89.8059689371935,111.0991818846848,137.2810043979158,102.36595384196396,0.623015873015873
106.62201365419912,76.736129148478,108.31867772920083,68.02762427615365,110.94865951819892,106.85050930722686,90.53298765033591,112.91345536612629,136.30187156858486,102.39294088728721,0.626984126984127
108.48824333796942,77.10717629786353,107.39488719069934,67.34408046399881,113.49861271924591,107.65278101412224,88.5968197030774,112.6667777215802,135.07038222698907,100.65176038444636,0.6309523809523809
108.29272346433017,77.42400002094095,106.5793877829674,66.91018359682698,116.00244702215315,108.37765246823155,87.84283530448013,114.36918134142051,137.78623006970315,98.63221477892525,0.6349206349206349
108.3204453488019,77.20550284428637,106.56743397079266,66.45702512157105,113.86464326591602,108.93443623102486,89.48983222997676,116.13615128546355,135.59874877267873,99.53363713340342,0.6388888888888888
108.05606421170775,77.6756466132564,107.3460241359953,67.21094540561656,114.68619744832739,108.32256344003359,88.90114274381395,116.42443278834813,135.40282190047634,99.12424137688856,0.6428571428571428
108.238679535271,78.67463531497744,107.11670233025445,68.07713759573325,115.66640493554927,109.36497339313138,88.74896616715124,114.72950711333894,136.62425788188438,97.4983789961843,0.6468253968253967
109.20363206696226,76.99877672692543,109.35598457964292,68.88259304693166,115.06972888898332,106.862536949907,87.85279699338724,116.05683426310227,137.02775970923625,96.91862782255424,0.6507936507936507
110.12331336228185,77.7087775643191,111.6514122112042,69.25389871577737,113.68034335855751,107.9140828705739,86.82533782317708,114.6421878999997,133.87538418221214,97.65949578487056,0.6547619047619048
108.88384843381964,77.61214803344377,114.09078595731062,68.63862467156402,111.8042761245624,108.17467400312412,86.31243293169301,114.44393886533639,134.89786547895199,98.34008855735482,0.6587301587301587
110.99421275093393,77.09564005133133,113.75447083092747,69.47369176480372,111.1796172598615,109.6165215468782,85.59656311383637,115.81742267636821,132.5744250576435,99.64680384273879,0.6626984126984127
109.47344692089705,74.75879528090469,111.65027479531835,69.19917633681185,111.67096864806028,109.89314532104689,86.63540108299593,117.42193954968113,131.8361332528475,99.0160748158899,0.6666666666666666
109.58277420854066,73.4699203818741,113.37977040914018,69.21927680867083,111.44881439591869,112.46786163801781,86.87079696103905,116.90830359386177,131.4310748344632,98.23644246173238,0.6706349206349206
109.20459275850763,75.05863501984324,112.78659872552954,70.39620703493014,110.59428204720977,111.14122592357197,87.99312197312692,117.83544768172993,126.68372892484751,98.64681684270855,0.6746031746031745
107.77083426826954,74.41032523476262,112.84084524031395,70.47074047087051,108.86738543167257,111.99783141796229,86.46857925124989,115.56752665034782,126.51481745165441,99.89763228262431,0.6785714285714285
107.66888492088451,73.40029174560512,113.73764834228123,70.69063343077494,109.34949223446635,110.75459539139376,87.81394902490433,114.88177608142291,127.58064850986321,99.42732648200295,0.6825396825396826
106.66864577298934,72.9794200161825,111.46163682128662,69.44351805919482,110.82875645363046,110.57837938762309,87.83769036502886,117.02764676790594,127.30755344884608,100.63489475089828,0.6865079365079365
106.76667072961055,72.29749716795357,113.7730261731838,69.87091531474911,109.54201302503375,111.6174724315879,89.89697524871835,119.02520799438796,127.60451269884632,100.21298178621983,0.6904761904761905
107.31025430633426,72.41085960947021,115.03414006412196,69.01352842659931,110.16264119999354,112.5004568083128,89.83722110361231,120.0329879272222,131.29301382184616,102.81869769343386,0.6944444444444444
109.31884314328101,73.80809062370719,115.54581976212867,69.89903130391748,107.584724047599,115.48688882696474,88.16272758935644,119.81868692207327,133.16790642122254,100.6150014134049,0.6984126984126984
109.74302054904453,73.26461047040038,116.85006943339118,69.7366538545986,106.69724879132134,114.97672288451457,89.60077263493419,121.10453938761782,133.2675787294805,102.57953693968113,0.7023809523809523
108.90116637462309,73.40716599949563,117.67288308592005,67.7993752662854,107.68254724788235,116.85475953787,89.44682842581078,121.06910360659609,137.682763676056,100.66236445954912,0.7063492063492063
108.36517727509987,72.35378239877788,117.8462128509927,67.49424609643111,106.17673087846859,116.48096987839341,87.05414240090138,121.32597942510792,136.58330255219943,102.22563995134193,0.7103174603174602
108.55645420497811,73.7528787113903,117.3901381281683,67.3006157602772,105.37124607553727,115.45691151672561,87.2135346352778,121.46115357287573,137.48049049538082,102.33620423566543,0.7142857142857142
108.68435425691591,73.92874702774121,116.30203813876648,67.71351556251133,107.27058714200317,113.12010235433925,87.46797559184807,120.28017950577822,134.77657745748834,101.7533684774173,0.7182539682539683
110.70145076176804,72.92796050549192,116.72364636713486,68.28795939771695,106.28471967080664,113.35217489797475,88.66191951123793,121.3852829451054,135.45464848887144,100.59499454251704,0.7222222222222222
112.66476629475326,73.76359365441189,117.25603471953698,68.00654970784123,105.14736415351989,112.61013617165752,84.74377612313417,119.75998023351615,135.2646525759433,99.4255636813872,0.7261904761904762
112.15642760086001,74.88725548296367,118.86719921648712,68.87993796906822,105.91298298778486,113.8189975879617,85.97931124086666,120.93634120880914,135.36829459307765,100.28323958730748,0.7301587301587301
111.38384853540002,75.03974310541835,119.1680849961819,66.18565932360146,108.5537204498466,113.06379561597055,85.4667441756495,119.48153587058611,136.00162019220448,100.8665069426954,0.7341269841269841
107.85270686044267,73.5057343022953,117.89396829694594,65.5929615729583,108.22643063182508,112.38692523501446,87.56626191340014,118.39950586169901,136.4822427722554,100.62731595978218,0.738095238095238
107.10939803995372,75.1776841723253,115.5758448132363,64.68012223727135,109.27971346243442,112.89022017823666,85.69097235876201,114.23677138636788,134.65025103011348,100.59361849907775,0.742063492063492
105.79765501880736,75.47199123384996,115.39024833302285,63.66612920882607,111.14835847384114,115.36501259889232,86.28175002223611,114.0123493164949,134.00149931691135,99.49542965192936,0.746031746031746
105.32575613645561,76.59317307649506,115.35033678493656,64.44059949139023,111.60517763583945,113.79350259345895,86.73047089082274,114.28442838356021,134.01173176978358,99.32939179379957,0.75
105.84666440824746,76.06341090718895,115.20787053153416,65.11731090963538,111.22629253722387,115.26180905929797,86.27044992183252,115.4815135214728,131.62032159929313,100.44417154039552,0.753968253968254
106.08322188076123,75.68236369864665,113.00763880722742,64.48396852394863,110.00503290378649,116.53816698804596,85.43348246681171,117.40458326875573,132.9579417894442,99.30217575570077,0.7579365079365079
106.04317651129232,75.78775495241395,114.54782310625997,65.44818533828067,108.04741386910209,116.21421573058888,85.0321436475247,115.22088462395368,136.14968947978662,99.95631067558777,0.7619047619047619
106.31015741367665,76.85836235487632,116.10631377097593,65.53190535705508,109.5713870716153,117.20735378136251,84.66151080576421,116.65941211857324,136.6713621267704,99.37688220901234,0.7658730158730158
106.14137165758102,76.99694787436857,114.90823476865918,65.18467585664854,109.82147790769623,116.78832105498036,83.33505141676987,115.97937806149345,135.7657082298541,97.48260477344716,0.7698412698412698
106.40516358323036,75.78733281456607,116.08100558814012,64.61808995059131,111.68113845158649,120.3302156581685,84.38416549579254,115.87413142546245,131.8848435298313,98.79528149967572,0.7738095238095237
102.160656599301,76.03790143309011,117.48290244761638,63.98758624882706,113.0813103646507,120.16039709656413,83.23095554315104,115.72055445555793,129.3817713264507,97.09984105717042,0.7777777777777777
101.81463538105547,77.61510964418619,117.53982349775383,64.36985947707797,112.20572567816707,120.28219596857772,84.31083072189973,115.06704044842012,129.9359170782104,96.53285912209955,0.7817460317460317
101.67254154853342,77.67948555742662,116.14358647683763,64.89929007053694,110.54035478011774,119.78949890587838,82.43184890400747,113.78413417488755,132.01909730970044,97.84208353330322,0.7857142857142857
101.23633951381214,77.80621448946579,118.52855912658814,65.09459487033695,111.1165670584029,117.260799661894,82.24803482594199,114.18510885771667,131.65354147864218,96.87648946746907,0.7896825396825397
100.95873951277883,76.5783768036828,119.09876368056248,63.43471094448919,110.23461589892682,116.87267450456274,82.08002012079638,115.35800277455873,129.20965369497176,98.03376102907238,0.7936507936507936
101.85729736855865,75.23667027223257,118.72267618359231,63.67200416844955,110.75901479916297,117.21483893237672,82.06368861117622,113.54153631401238,127.79947334188341,97.48137469323348,0.7976190476190476
101.09264457481251,74.63462808280872,119.88431760997697,64.12717994243,109.74342648270256,119.45244337452424,83.05838811845791,113.51370419081633,126.88142848976787,97.36650089302324,0.8015873015873015
103.93478235825613,74.32823159987987,122.35971178019487,63.588783834051256,108.55910123135092,120.19511804239332,82.84691410752966,112.6176847890034,123.82944908026141,99.70594305982222,0.8055555555555555
104.8399955431533,74.42574294221328,121.59569119813183,63.62344316201947,108.36643699596044,119.90867539802794,82.37031590689908,114.18341722192365,123.34587998847071,101.14295396384617,0.8095238095238095
104.83166488004075,74.58151964832246,122.65955103398692,62.146796421009356,109.649287936832,119.99926622089743,82.16371955156394,114.89568114958719,124.74048482736573,101.25283810889741,0.8134920634920635
104.55906967652784,76.10202619936796,125.69950239788471,61.191183403130324,110.07357661871573,120.49517720165362,83.1855255788423,117.10049456373896,122.1252304396383,100.42199227927821,0.8174603174603174
104.4451541984877,76.15831625348602,123.94361721286735,60.94172841239639,111.71993418246883,119.92124136533869,81.93154990934235,114.83770711057197,121.26717816331518,100.45601450038977,0.8214285714285714
103.24763316920726,77.18651360792028,123.08889495285604,60.70436691628102,109.99707068631986,120.95645246527779,80.8847196763246,116.34379310160747,118.2135055661159,102.56565130764798,0.8253968253968254
103.12386814439225,77.14827692964778,122.16523962825833,60.97392914188276,108.54185024511156,123.45846332518843,78.91512014221033,116.58247157602118,116.99977913626161,105.41114424626083,0.8293650793650793
103.48658091552171,78.5695102754874,121.92179530266036,60.06891746202919,108.41998745632746,122.89490092599016,80.95664618564761,115.52218695771779,116.78175694135857,104.5911786350312,0.8333333333333333
104.24495741128752,76.7396804655109,121.59968714002154,59.81124789016159,111.41898455380183,124.77885087675702,79.78235533686144,116.23639333936788,118.29397697646336,106.51171629583551,0.8373015873015872
105.00908750539928,76.16298699638465,122.06138366472968,59.443310273017815,112.36954371923503,126.16412656554988,77.90952073997052,118.55253026950334,118.9751021599252,104.4153013804483,0.8412698412698412
104.64605619499143,77.11213540109247,120.80628387170762,59.84006360258864,110.86961596632065,127.02098386976499,77.11956360556916,120.97360647494435,117.21433783236262,105.19196655303821,0.8452380952380952
102.79562596167553,76.9456062527697,119.86228759092646,60.921055420840645,110.76331200796008,127.20022634914483,76.5267827454514,122.23328233314406,117.35320804328391,105.68928409710246,0.8492063492063492
101.93271129327496,77.85397291344005,120.31813787839071,62.256342060028224,111.07174517073568,127.74270287989002,77.9528214886915,120.71571571873665,116.860520806922,107.0846984576342,0.8531746031746031
104.02431038373221,78.232589541584,120.55319281214587,61.0382015726205,110.27878607891014,127.39330752939459,77.4975723451589,121.18790040199596,116.84157359987282,105.96753040621152,0.8571428571428571
105.20532313037465,79.17045898667313,121.88810602286873,61.00128938995102,111.13415966234686,130.3758689701946,77.78297358441965,121.71184879490791,116.54827289988334,106.16265227719921,0.861111111111111
105.69638251297494,79.7843335702114,122.51835416461019,60.15222602753407,110.91532596020699,129.2011573922385,76.04770599851336,123.63136742025027,117.00932866352987,103.70148189482357,0.865079365079365
104.68745186890925,80.4643591426984,123.71557763606921,60.103179279021646,110.49782841929823,131.06187088833985,76.24723858558987,123.37482293048,117.27662594864547,102.8815503359037,0.869047619047619
104.69225971242393,81.991658237523,121.94685804747833,60.42428067233032,112.26628696252632,133.645953731726,74.67970133756022,123.39902972106212,118.56383462339895,102.85951289578801,0.873015873015873
103.04906648706427,83.01704247136274,121.3592030989273,60.48634946293438,109.87396199335426,133.1029723810844,74.385229446941,122.38720287527147,118.73812335252887,103.11189308539177,0.876984126984127
102.33497462268706,84.0630157682605,124.21850687628782,60.44901131464289,108.55058662446848,135.07245634736591,73.67650225377949,123.42169692752982,121.29329639171324,106.80345429350963,0.8809523809523809
102.01932189842424,84.08464394416359,124.83362941963468,61.58909088550018,107.43856278468671,135.31769940173052,73.73061185464759,123.08719478862709,122.08935378822457,106.12020869877776,0.8849206349206349
101.55555522324846,83.47050483063853,126.01464777374387,62.15109095343565,106.29724816636859,135.42405481029573,74.32228719274964,123.3759397712151,124.3845708785759,106.14808993956966,0.8888888888888888
102.78691329478247,82.77976585985272,126.4483958601746,61.93796056514523,105.32575458914755,135.29689526336054,73.08185848337546,122.64823018647427,125.51841007685351,104.6185969814209,0.8928571428571428
100.96599489300249,83.56666282167129,127.1278172236616,61.95685666028652,105.97595098031893,132.5739346317618,72.04296200525363,122.72124762492933,124.45897432578134,102.16150710723831,0.8968253968253967
99.87109996625236,81.03838692645576,126.75852487037001,62.64040790304956,107.45017007482747,133.49228421515537,72.21888868380873,121.0620930410176,126.42325341845616,103.32436058588661,0.9007936507936507
98.15628111084273,79.71470378401116,132.59263936386742,63.12350484969343,108.69743980444883,135.94232606742895,72.846946280222,121.30773635097721,128.32353103879868,104.50979566859222,0.9047619047619047
96.63797003426761,78.75314411584252,131.93250560635792,62.786353333155965,107.31012057988013,134.74068508102746,74.1594765472131,120.39028717739,123.76320760766619,102.7143550302068,0.9087301587301587
96.78912915998524,78.50783793102593,131.86882370786822,61.39766399537636,107.16499190844885,136.18680965733043,73.71988595772109,121.45569790042501,122.91098104788163,100.55074438667462,0.9126984126984127
94.85705085209719,75.94773930514303,127.90113754466377,60.48809127628272,107.77736167280139,136.04069332319045,72.34755951013236,124.3158239863933,125.1655696711875,99.74841481753238,0.9166666666666666
95.76228132677723,77.16174945207489,129.6962596417516,60.599441242670046,108.10374699688606,134.18070895410682,72.51786779548223,125.64747010869478,126.83936696874486,101.86554066250449,0.9206349206349206
95.46496273786963,77.74741928673662,128.79699970713995,59.250697371856816,109.89685645221046,135.87830888434075,71.79547229055326,123.88707087892325,124.52692128270672,99.97347453615413,0.9246031746031745
95.54773345523992,79.71587465437065,128.69838750930424,59.13704575320911,108.96577538978872,138.79551917813663,70.96414959843291,123.32753702869661,125.88154045754972,100.83592885316077,0.9285714285714285
95.93683769608172,80.78985417214798,127.8450392737259,58.80007469590795,109.18058836265021,137.41356837623806,72.23438490939424,120.85161454815596,128.6508857851931,101.00303330065552,0.9325396825396824
95.4134973653042,81.84546940152451,127.62185822741804,59.54501178947113,108.64101906112786,137.78768302963002,72.79965942143279,120.87227791738383,129.63802006506984,100.61969426727131,0.9365079365079365
96.66274572122036,84.19948480261986,127.1656391744598,58.56438433199522,108.9852216495738,135.31088823538948,72.13492747845848,118.2003797896105,127.24979768653448,99.85615918884066,0.9404761904761905
96.42635764281425,83.59597782138603,127.09669907013583,57.15624936254407,107.51382762936524,135.23929491379846,72.1179241650841,116.4247785444078,125.99937171491047,100.16483971673318,0.9444444444444444
97.15077619763785,82.02742244041409,127.01217786748857,56.854863034748746,106.26287247805266,136.0700226000208,72.0401200155413,118.04393953219699,126.63675626063082,99.77339616160627,0.9484126984126984
96.90737110964402,81.78764420269728,126.76565760879446,57.31136933756391,105.28989187987395,139.10850087561212,72.19012007988519,119.33145635834819,126.29334249004319,99.27270033132778,0.9523809523809523
97.26315643869607,80.94195237643936,126.49782470648012,58.08914010625957,104.54481751275013,141.86526863539416,71.82185645157263,117.06743584195549,128.3427414279527,99.01346559870686,0.9563492063492063
97.60645968473307,80.6804518066101,128.6005250914023,57.42744273813505,106.60366107969324,144.83154794510983,70.12296188582467,116.40935800341836,129.53060961092967,100.40991766998897,0.9603174603174602
97.91433872045123,79.6199585902613,130.03656814433918,57.76869684375679,108.19406658150295,143.87294655296017,69.26567293455835,117.0911062667085,132.7743319332791,100.67953322003417,0.9642857142857142
96.71977467492312,80.19165153073956,131.4986291162407,56.96541586171801,107.90458812544531,143.42923891444747,68.80297026463606,117.67154991131301,134.49264306837088,100.76703279896905,0.9682539682539681
97.2523741613262,80.71160670228547,130.2907430284297,56.4305120010056,108.13994205159227,140.45308628118366,68.82734286998615,115.28379699790673,135.4321552156595,102.5376555217355,0.9722222222222222
96.86235158130593,80.68423455224195,132.37024627023862,56.835494091001536,105.98929966336841,139.19327222949534,67.89520843777113,115.66206451243993,134.89687197864717,102.1918316165976,0.9761904761904762
97.63483223140557,81.00158767774397,134.2710170713182,57.35206631943937,105.7501536840069,136.6703861523065,68.05474356764265,114.77968164902651,137.3050551316335,104.05335595677857,0.9801587301587301
95.02266565835704,80.85675113366474,133.3381034526059,56.63447274838693,105.96302659617042,137.3012502116189,67.7286218193989,116.52621570496176,137.31456694179016,103.17116148478462,0.9841269841269841
93.2847571270407,81.62648808138727,135.92275745761998,56.97434139067653,107.50361682661429,136.1008520030992,67.08365200306594,116.23270359584146,135.55117942045715,103.86388234971984,0.988095238095238
93.71288595680434,81.69813785299316,134.75777758253358,55.64877865261685,107.94715959161914,134.2252761273887,66.0185922501806,116.76003476957759,135.63346976659102,103.44194107421538,0.992063492063492
95.93840632499216,81.42537108898668,131.6664073797391,55.50687396469575,108.53750120113513,133.62558570108888,66.39101069467053,116.59962448169546,135.47659580681332,103.35271208537785,0.9960317460317459
96.95307863695706,82.38460377459772,133.5064017568408,54.719311247594945,108.94543997715299,131.64563193718044,66.74681831634102,117.58276449619854,133.79134652759117,102.51852099739702,1.0
